mol,Name,Source,Tox,CAS,apol,ast_fraglike,ast_fraglike_ext,ast_violation,ast_violation_ext,a_acc,a_acid,a_aro,a_base,a_count,a_don,a_donacc,a_heavy,a_hyd,a_IC,a_ICM,a_nB,a_nBr,a_nC,a_nCl,a_nF,a_nH,a_nI,a_nN,a_nO,a_nP,a_nS,balabanJ,BCUT_PEOE_0,BCUT_PEOE_1,BCUT_PEOE_2,BCUT_PEOE_3,BCUT_SLOGP_0,BCUT_SLOGP_1,BCUT_SLOGP_2,BCUT_SLOGP_3,BCUT_SMR_0,BCUT_SMR_1,BCUT_SMR_2,BCUT_SMR_3,bpol,b_1rotN,b_1rotR,b_ar,b_count,b_double,b_heavy,b_max1len,b_rotN,b_rotR,b_single,b_triple,chi0,chi0v,chi0v_C,chi0_C,chi1,chi1v,chi1v_C,chi1_C,chiral,chiral_u,density,diameter,FCharge,GCUT_PEOE_0,GCUT_PEOE_1,GCUT_PEOE_2,GCUT_PEOE_3,GCUT_SLOGP_0,GCUT_SLOGP_1,GCUT_SLOGP_2,GCUT_SLOGP_3,GCUT_SMR_0,GCUT_SMR_1,GCUT_SMR_2,GCUT_SMR_3,h_ema,h_emd,h_emd_C,h_logD,h_logP,h_logS,h_log_dbo,h_log_pbo,h_mr,h_pavgQ,h_pKa,h_pKb,h_pstates,h_pstrain,Kier1,Kier2,Kier3,KierA1,KierA2,KierA3,KierFlex,lip_acc,lip_don,lip_druglike,lip_violation,logP(o/w),logS,mr,mutagenic,nmol,opr_brigid,opr_leadlike,opr_nring,opr_nrot,opr_violation,PC+,PC-,PEOE_PC+,PEOE_PC-,PEOE_RPC+,PEOE_RPC-,PEOE_VSA+0,PEOE_VSA+1,PEOE_VSA+2,PEOE_VSA+3,PEOE_VSA+4,PEOE_VSA+5,PEOE_VSA+6,PEOE_VSA-0,PEOE_VSA-1,PEOE_VSA-2,PEOE_VSA-3,PEOE_VSA-4,PEOE_VSA-5,PEOE_VSA-6,PEOE_VSA_FHYD,PEOE_VSA_FNEG,PEOE_VSA_FPNEG,PEOE_VSA_FPOL,PEOE_VSA_FPOS,PEOE_VSA_FPPOS,PEOE_VSA_HYD,PEOE_VSA_NEG,PEOE_VSA_PNEG,PEOE_VSA_POL,PEOE_VSA_POS,PEOE_VSA_PPOS,petitjean,petitjeanSC,Q_PC+,Q_PC-,Q_RPC+,Q_RPC-,Q_VSA_FHYD,Q_VSA_FNEG,Q_VSA_FPNEG,Q_VSA_FPOL,Q_VSA_FPOS,Q_VSA_FPPOS,Q_VSA_HYD,Q_VSA_NEG,Q_VSA_PNEG,Q_VSA_POL,Q_VSA_POS,Q_VSA_PPOS,radius,reactive,rings,RPC+,RPC-,rsynth,SlogP,SlogP_VSA0,SlogP_VSA1,SlogP_VSA2,SlogP_VSA3,SlogP_VSA4,SlogP_VSA5,SlogP_VSA6,SlogP_VSA7,SlogP_VSA8,SlogP_VSA9,SMR,SMR_VSA0,SMR_VSA1,SMR_VSA2,SMR_VSA3,SMR_VSA4,SMR_VSA5,SMR_VSA6,SMR_VSA7,TPSA,VAdjEq,VAdjMa,VDistEq,VDistMa,vdw_area,vdw_vol,vsa_acc,vsa_acid,vsa_base,vsa_don,vsa_hyd,vsa_other,vsa_pol,Weight,weinerPath,weinerPol,zagreb
O[C@@H]1[C@]2(C)C(C3C(c4c(cc(O)cc4)CC3)CC2)CC1,Estra-1 3 5(10)-triene-3 17-diol  (17beta)-,DSSTox2DMolFile,4.9619999,50-28-2,49.287033,0,0,1,1,2,0,6,0,44,2,4,20,18,53.117241,1.2072101,0,0,18,0,0,24,0,0,2,0,0,1.5684366,-2.8853424,-0.57724309,0.62703317,2.9270682,-2.8037889,-0.54807258,0.60339248,3.0056038,-2.6303475,-0.46108723,0.7343992,3.1789525,26.236967,0,0,6,47,0,23,1,0,0,41,0,13.905413,12.17852,11.284093,11.905413,9.5931721,8.0926313,7.610826,8.4384718,5,3,0.76681226,10,0,-0.80335909,-0.39791432,0.071031623,3.1078901,-0.88360137,-0.30639267,0.086227879,3.2065091,-0.53566217,-0.24061581,0.16568822,3.3431427,2.2135181,6.1117182,3.217715,3.5275855,3.5273261,-3.5849378,0,3.2520306,7.9568062,-0.0028579151,9.5427074,14,1.0197878,0.0017062274,13.648394,4.75,1.9608401,12.06131,4.1687865,1.7122431,2.5140512,2,2,1,0,3.8510001,-4.21839,7.9002476,0,1,20,1,4,0,0,0,0,0.46600774,-0.46600774,0.32586572,0.47886005,162.50203,0,8.458519,8.458519,0,0,0,20.225574,0,0,13.566921,13.566921,0,0,0.94017547,0.20883559,0.059824552,0.059824552,0.7911644,0,213.21156,47.359417,13.566921,13.566921,179.41907,0,0.5,1,0,0,0,0,1,0,0,0,1,0,226.77847,0,0,0,226.77847,0,5,0,4,0,0,0,3.60917,50.770454,0,6.4686494,0,15.192742,18.868406,4.4107962,52.929554,94.342026,38.569443,7.8730602,0,50.770454,8.8215923,22.494022,0,166.13998,0,33.326015,40.459999,0.51481563,5.523562,2.957881,8.3559732,226.77847,323.67245,0,0,0,0,199.64464,0,27.133842,272.388,724,39,118
O(CCOCCCC)CCOCc1c(CCC)cc2OCOc2c1,Toluene  alpha-(2-(2-butoxyethoxy)ethoxy)-4 5-(methylenedioxy)-2-propyl-,DSSTox2DMolFile,5.2909999,51-03-6,57.453789,0,0,3,4,5,0,6,0,54,0,5,24,18,71.236946,1.3192027,0,0,19,0,0,30,0,0,5,0,0,1.5201147,-2.6046917,-0.22678332,0.1803326,2.5565455,-2.6258988,-0.064465381,0.23909813,2.6433578,-2.3630805,0.021466974,0.25485116,2.7919374,42.376209,13,0.51999998,6,55,0,25,12,13,0.51999998,49,0,17.037323,14.974116,12.932875,13.501789,11.846867,8.9936705,6.276021,7.0303698,0,0,0.77567875,16,0,-0.81239653,-0.34000814,-0.090022519,2.5872869,-0.94359767,-0.22138217,-0.012728354,2.6905336,-0.52890694,-0.11696392,-0.0045013884,2.8304877,5.8540912,7.8405957,7.8405957,3.6447816,3.6447816,-3.7258303,0,3.4264243,9.314559,0,14,14,1,0,20.313601,12.368889,7.4243975,18.342997,11.117121,6.6507168,8.4967213,5,0,1,0,3.68748,-4.29002,9.4789772,0,1,10,1,2,13,1,0,0,1.6660007,-1.6660007,0.18218735,0.21074606,155.8764,0,38.975513,110.29237,0,0,28.308455,2.2085397,0,0,0,0,5.0075121,7.5112681,0.88274103,0.042298,0.035954904,0.11725897,0.95770198,0.081304066,307.35284,14.727321,12.518781,40.827236,333.45276,28.308455,0.5,1,0,0,0,0,1,0,0,0,1,0,348.18005,0,0,0,348.18005,0,8,0,2,0,0,1,3.9840701,21.999775,0,32.999664,127.6154,6.37115,18.868406,0,35.286369,56.605217,98.065147,9.2966995,32.999664,21.999775,0,16.858006,0,131.68625,127.6154,66.652031,46.150002,0.42571631,5.643856,3.8282332,8.8107538,348.18005,397.33456,12.518781,0,0,0,307.35284,28.308455,12.518781,338.444,1767,29,110
O=C(Nc1cc(OCC)c(C(=O)OC)cc1)C,Benzoic acid  4-(acetylamino)-2-ethoxy-  methyl ester,DougDB3DMolFile,3.0739999,59-06-3,35.429893,1,0,0,1,3,0,6,0,32,1,4,17,10,50.37709,1.5742841,0,0,12,0,0,15,0,1,4,0,0,2.555459,-2.3974056,-0.46183115,0.33696574,2.3689666,-2.4073615,-0.35883954,0.34905109,2.436789,-2.1506927,-0.20987311,0.49393484,2.6414611,22.806105,4,0.23529412,6,32,2,17,2,6,0.35294119,24,0,12.836499,10.072151,7.9391575,8.7151785,8.0789175,5.2085605,3.1951406,4.0841169,0,0,0.82206374,9,0,-0.81374383,-0.41681054,-0.023840755,2.3226049,-0.99746054,-0.30247426,0.03412367,2.4195063,-0.5136677,-0.18358254,0.10665778,2.6008949,5.2013445,8.9969196,6.2392263,1.8072205,1.8072205,-2.5395081,0,5.6465764,6.4139628,0,14,14,1,0,15.058824,7.4380164,4.6390533,11.162625,5.4009113,3.313293,3.5463734,5,1,1,0,1.47,-2.3536501,6.39188,0,1,6,1,1,4,0,0,0,1.3662598,-1.3662598,0.21791944,0.24165279,76.833931,38.31654,30.516994,35.658428,0,27.65803,0,0,0,0,0,5.6825762,29.637598,2.503756,0.73468447,0.15325254,0.15325254,0.26531553,0.84674746,0.11206301,181.3259,37.823929,37.823929,65.481956,208.98393,27.65803,0.44444445,0.80000001,0,0,0,0,1,0,0,0,1,0,246.80786,0,0,0,246.80786,0,5,0,1,0,0,0.70588237,1.8303,10.999887,31.014997,34.862103,20.926258,27.047791,35.383869,0,52.929554,0,74.652206,6.3254199,58.724319,10.999887,0,8.4290028,20.767498,52.929554,33.930508,102.0359,64.629997,0.52255934,5.0874629,2.9707525,7.8837218,246.80786,270.21628,29.637598,0,0,5.6825762,181.3259,30.161787,35.320175,237.25499,538,23,78
Clc1c(C)cc(O)cc1,Phenol  4-chloro-3-methyl-,DSSTox2DMolFile,4.8530002,59-50-7,19.969551,1,1,0,0,1,0,6,0,16,1,2,9,8,24.697031,1.5435644,0,0,7,1,0,7,0,0,1,0,0,2.4091668,-2.2662504,-0.59232241,0.63381368,2.2386284,-2.1001432,-0.40641987,0.78333032,2.4327114,-1.9796983,-0.38011912,0.84988761,2.5433884,8.0724487,0,0,6,16,0,9,1,0,0,10,0,6.8533711,5.813158,4.2320509,4.8533711,4.1983771,3.0285873,2.2380338,3.0436769,0,0,0.87056345,5,0,-0.76449388,-0.36914602,0.053646315,2.0003715,-0.76171559,-0.21421483,0.16614285,2.2092299,-0.47899991,-0.15776888,0.28466949,2.3032081,1.1769558,3.0810003,1.3825134,2.2614698,2.2615221,-2.1254904,0,3.4598935,3.7204924,-0.00070942973,10.148783,14,1.0058705,0.00042308707,7.1111112,2.7222223,1.704142,6.310812,2.375654,1.4632158,1.6658117,1,1,1,0,2.523,-1.91769,3.8345454,0,1,6,1,1,0,0,0,0,0.28175494,-0.28175494,0.46362299,0.67421752,76.833931,4.5197463,8.458519,0,0,0,0,2.2085397,29.581947,0,13.566921,0,0,0,1,0.33555922,0,0,0.66444081,0,135.1696,45.357407,0,0,89.812202,0,0.40000001,0.66666669,0,0,0,0,1,0,0,0,1,0,135.1696,0,0,0,135.1696,0,3,0,1,0,0,0,2.3540201,25.385227,0,0,0,3.185575,0,3.5006065,52.929554,0,77.718086,3.7853799,0,25.385227,0,11.929609,0,52.929554,0,72.474655,20.23,0.7642045,4.1699252,2.0374763,6.0213828,135.1696,155.67963,0,0,0,0,121.60268,0,13.566921,142.58499,84,10,42
S=C(N)C,Acetamide  thio- (VAN) (8CI),DSSTox2DMolFile,3.635,62-55-5,10.853965,1,1,0,0,1,0,0,0,9,1,2,4,1,14.919684,1.6577427,0,0,2,0,0,5,0,1,0,0,1,2.5914834,-2.2683909,-0.13703541,0.26788741,2.1458266,-2.4870231,-0.037655052,0.43156531,2.1889362,-1.9346321,0.055070762,0.41923317,2.4954801,5.9460349,0,0,0,8,1,3,1,0,0,7,0,3.5773504,3.3020952,1.5,1.5773503,1.7320508,1.4010476,0.5,0.57735026,0,0,0.93016028,2,0,-0.83938771,-0.22538188,0.029168615,1.5056934,-1.3700505,-0.15107915,0.19946706,1.5657678,-0.46584153,-0.057443332,0.235842,1.8598697,2.5572424,3.4568312,0.54765534,0.15173876,0.15173876,-0.47156963,0,0.98062289,2.0235946,0,14,14,1,0,4,1.3333334,0,4.1861248,1.4241805,0,1.4904493,1,2,1,0,-0.58700001,-0.92984998,2.0949652,0,1,0,1,0,0,0,0,0,0.13956226,-0.13956226,0.77138996,0.85328662,29.408449,0,31.384512,0,0,0,0,8.6756124,0,17.742489,0,0,0,0,1,0.30292144,0,0,0.69707853,0,87.21106,26.418102,0,0,60.792961,0,0.5,1,0,0,0,0,1,0,0,0,1,0,87.21106,0,0,0,87.21106,0,1,0,0,0,0,0.5,0.2924,32.897186,0.71334887,0,0,0,0,0,0,0,78.518044,2.2460401,0,0,0,0,32.897186,0,0.71334887,78.518044,58.110001,0.95443398,2.5849626,1,3.5032582,87.21106,75.357979,31.384512,0,0,17.742489,29.408449,8.6756124,49.126999,75.135002,9,0,12
OCC,Ethyl alcohol,DSSTox2DMolFile,0.58700001,64-17-5,8.3227577,1,1,0,0,1,0,0,0,9,1,2,3,2,11.01955,1.2243944,0,0,2,0,0,6,0,0,1,0,0,1.6329932,-2.3613851,-0.23031633,0.29641473,2.3196595,-2.3782039,-0.20443316,0.27721819,2.3375793,-2.1351309,-0.13424273,0.36044881,2.5375211,6.5592418,0,0,0,8,0,2,2,0,0,8,0,2.7071068,2.1543205,1.7071068,1.7071068,1.4142135,1.0233345,0.70710677,0.70710677,0,0,0.76771754,2,0,-0.80301636,-0.23622845,0.00418645,1.5843509,-0.8735171,-0.17786309,-0.024753533,1.6047966,-0.51971358,-0.13065805,0.051119875,1.773644,1.3328327,2.0639029,0.97711152,0.15029076,0.15029076,0.097579233,0,0,1.2586986,0,14,14,1,0,3,2,0,3,2,0,2,1,1,1,0,-0.063000001,0.28479001,1.3310919,0,1,0,1,0,0,0,0,0,0.22042485,-0.22042485,0.82653278,1,29.408449,0,0,22.058474,0,0,0,0,0,0,0,13.566921,0,0,0.79138678,0.20861323,0.20861323,0.20861323,0.79138678,0,51.466923,13.566921,13.566921,13.566921,51.466923,0,0.5,1,0,0,0,0,1,0,0,0,1,0,65.033844,0,0,0,65.033844,0,1,0,0,0,0,1,-0.0014,25.385227,0,0,20.926258,0,0,0,0,0,33.326015,1.27598,0,25.385227,0,0,0,0,20.926258,33.326015,20.23,0.99107605,2,0.91829586,2.5,65.033844,52.129848,0,0,0,0,51.466923,0,13.566921,46.069,4,0,6
O=CCCCCC,Hexaldehyde,DSSTox2DMolFile,4.039,66-25-1,19.363516,1,0,0,1,1,0,0,0,19,0,1,7,5,22.181297,1.1674367,0,0,6,0,0,12,0,0,1,0,0,2.4633985,-2.6196513,-0.15713541,0.033870693,2.5709252,-2.4706123,-0.062084936,0.123,2.7242289,-2.3738668,0.036070101,0.1057,2.8187134,14.076484,4,0.66666669,0,18,1,6,5,4,0.66666669,17,0,5.5355339,4.8140259,4.4057775,4.5355339,3.4142137,2.8510573,2.615355,2.7071068,0,0,0.6976012,6,0,-0.79637587,-0.22212493,-0.1261293,2.1415379,-0.80804592,-0.18335173,-0.037,2.2660296,-0.53040999,-0.099732637,-0.054299999,2.356997,1.6183581,2.4003694,2.4003694,2.0125864,2.0125864,-1.3639898,0,0.68982542,2.9990339,0,14,14,1,0,7,6,6,6.0467501,5.03652,4.8770623,4.3506541,1,0,1,0,1.972,-1.37788,3.1548221,0,1,0,1,0,4,0,0,0,0.28829727,-0.28829727,0.71934009,1,76.833931,15.808495,0,0,22.058474,0,0,0,0,0,0,0,13.566921,0,0.72225773,0.10577026,0.10577026,0.27774227,0.89422977,0.17197201,92.642426,13.566921,13.566921,35.625397,114.7009,22.058474,0.5,1,0,0,0,0,1,0,0,0,1,0,128.26782,0,0,0,128.26782,0,3,1,0,0,0,1,1.7656,0,0,44.007435,0,0,0,0,0,75.473625,33.326015,3.0206001,23.862217,0,0,0,0,75.473625,0,53.471233,17.07,0.80309099,3.5849626,2.398303,5.1689868,128.26782,126.23975,13.566921,0,0,0,92.642426,22.058474,13.566921,100.161,56,4,22
[SH0](=O)(C)C,Sulfinylbis-methane (9CI),DSSTox2DMolFile,0.495,67-68-5,11.222758,1,1,0,0,1,0,0,0,10,0,1,4,2,15.709506,1.5709506,0,0,2,0,0,6,0,0,1,0,1,2.3237901,-2.3309755,0.080356285,0.080356285,2.3664989,-2.4176769,0.123,0.123,2.2625725,-2.0168529,0.1057,0.1057,2.6982155,10.937242,0,0,0,9,0,3,2,0,0,9,0,3.5773504,3.6329932,2,2,1.7320508,2.9494898,0,0,0,0,0.95119244,2,0,-0.88105184,-0.095451437,-0.079643711,1.671315,-0.83276701,-0.037,-0.037,1.6084609,-0.45229715,-0.054299999,-0.054299999,1.9657699,2.8682103,4.4808836,4.4808836,-0.64900976,-0.64900976,0.0094591025,0.86201519,0,1.9099225,0,14,14,1,0,4,1.3333334,0,6.125,2.4305553,0,3.7217879,1,0,1,0,-1.143,0.14881,1.9507171,0,1,0,1,0,0,0,0,0,0.62142557,-0.62142557,0.5,0.99184686,0,0,0,0,0,0,62.769024,13.136708,0,0,0,0,0,16.008261,0.14292392,0.31708959,0.17416567,0.85707605,0.68291038,0.68291038,13.136708,29.14497,16.008261,78.777283,62.769024,62.769024,0.5,1,0,0,0,0,1,0,0,0,1,0,91.913994,0,0,0,91.913994,0,1,0,0,0,0,0,-0.0052999998,0,24.085844,19.549404,0,0,63.382347,0,0,0,0,1.99904,24.085844,0,0,0,0,0,0,82.931755,36.279999,0.95443398,2.5849626,1,3.5032582,91.913994,75.785927,16.008261,0,0,0,62.769024,13.136708,16.008261,78.135002,9,0,12
O=CN(C)C,Formamide  N N-dimethyl-,DSSTox2DMolFile,0.70599997,68-12-2,11.849551,1,1,0,0,1,0,0,0,12,0,1,5,2,18.613178,1.5510982,0,0,3,0,0,7,0,1,1,0,0,2.612699,-2.4443145,-0.10373686,0.045221921,2.3261869,-2.5483549,-0.054615248,0.123,2.2258446,-2.1495984,0.080062978,0.11589868,2.6078768,10.590449,1,0.25,0,11,1,4,2,1,0.25,10,0,4.2844572,3.4328122,2.5773504,2.7071068,2.2700555,1.3883283,0,0,0,0,0.77139926,3,0,-0.86010051,-0.24443398,-0.11477808,1.7526965,-0.96282405,-0.2365538,-0.037,1.6752242,-0.49867383,-0.092221655,-0.054299999,1.9917451,1.9771382,3.6174045,3.6174045,0.27519074,0.27519074,-0.27503604,0,1.0139042,2.011322,0,14,14,1,0,5,2.25,4,3.5279922,1.4121985,2.0658443,0.99644512,2,0,1,0,-0.28299999,0.44659999,2.051712,0,1,0,1,0,0,0,0,0,0.57055587,-0.57055587,0.54906744,0.54064214,0,0,67.79892,0,0,0,26.549486,0,0,0,0,0,13.566921,0,0.62826037,0.12571821,0.12571821,0.37173966,0.87428182,0.24602145,67.79892,13.566921,13.566921,40.116405,94.348412,26.549486,0.33333334,0.5,0,0,0,0,1,0,0,0,1,0,107.91533,0,0,0,107.91533,0,2,0,0,0,0,0.60000002,-0.2956,0,3.1243138,43.578609,0,0,65.794373,0,0,0,0,1.9751,23.862217,3.1243138,0,0,0,0,0,85.510765,20.309999,0.90438145,3,1.5219281,4.1971598,107.91533,85.609367,13.566921,0,0,0,67.79892,26.549486,13.566921,73.095001,18,2,16
c1ccccc1,Benzene  pure,DSSTox2DMolFile,2.467,71-43-2,14.560758,1,1,0,0,0,0,6,0,12,0,0,6,6,12,1,0,0,6,0,0,6,0,0,0,0,0,2.1176472,-2.1474104,-0.65007842,0.69669789,2.0693455,-1.9559137,-0.53807992,0.80591482,2.2592115,-1.817862,-0.49986199,0.85431087,2.4032412,6.5592418,0,0,6,12,0,6,0,0,0,6,0,4.2426405,3.4641016,3.4641016,4.2426405,3,2,2,3,0,0,0.6482805,3,0,-0.75899506,-0.39088586,0.078933202,1.7970871,-0.55409592,-0.26386139,0.16445385,1.9748272,-0.40650788,-0.21605732,0.19305076,2.1060863,0,1.2614005,1.2614005,1.8593565,1.8593565,-2.1115119,0,3.0649538,2.6283553,0,14,14,1,0,4.1666665,2.2222223,1.3333334,2.5822179,1.2154069,0.63938469,0.52307427,0,0,1,0,1.906,-1.3848799,2.7499685,0,1,6,1,1,0,0,0,0,0,0,0,0,94.850967,0,0,0,0,0,0,94.850967,0,0,0,0,0,0,1,0,0,0,1,0,94.850967,0,0,0,94.850967,0,0,0,0,0,0,0,1,0,0,0,1,0,94.850967,0,0,0,94.850967,0,3,0,1,0,0,1,1.6866,0,0,0,0,0,0,0,105.85911,0,0,2.6442001,0,0,0,0,0,105.85911,0,0,0,0.91829586,3.5849626,1.5219281,4.7821221,94.850967,111.16484,0,0,0,0,94.850967,0,0,78.113998,27,3,24
BrC,Methane  bromo-,DSSTox2DMolFile,4.6350002,74-83-9,6.810379,1,1,0,0,0,0,0,0,5,0,0,2,2,6.854753,1.3709506,0,1,1,0,0,3,0,0,0,0,0,1,-2.0039718,-0.030384412,0.034613159,1.9976287,-1.9821858,0.123,0.46942681,2.1046457,-1.7350373,0.1057,0.49097699,2.3251219,4.5696211,0,0,0,4,0,1,1,0,0,4,0,2,2.9639611,1,1,1,1.963961,0,0,0,0,1.5722648,1,0,-0.68776119,-0.18970789,-0.12538683,1.1604033,-0.74735326,-0.037,0.28258425,1.3900769,-0.44043064,-0.054299999,0.3183955,1.5293875,0.34729421,0.63662213,0.63662213,1.2894562,1.2894562,-0.83796847,0,0,1.2242087,0,14,14,1,0,2,0,-0,8.8004694,0,-0,0,0,0,1,0,1.05,-0.68406999,1.4190805,1,1,0,1,0,0,0,0,0,0.079825029,-0.079825029,1,1,0,29.452118,0,0,0,0,0,0,43.624847,0,0,0,0,0,1,0.59697127,0,0,0.40302873,0,73.076965,43.624847,0,0,29.452118,0,0,0,0,0,0,0,1,0,0,0,1,0,73.076965,0,0,0,73.076965,0,1,1,0,0,0,1,1.0111001,0,0,0,0,0,33.195545,0,0,0,45.954094,1.4851,0,0,0,0,0,0,0,79.149635,0,1,1,-0,1,73.076965,58.460255,0,0,0,0,73.076965,0,0,94.938995,1,0,2
ClCCl,Methane  dichloro-,DSSTox2DMolFile,2.5869999,75-09-2,7.4535861,1,1,0,0,0,0,0,0,5,0,0,3,2,7.6096406,1.5219281,0,0,1,2,0,2,0,0,0,0,0,1.6329932,-1.9664046,-0.080189936,0.031815909,2.0389657,-1.9363434,0.21342711,0.59109378,2.151062,-1.7037416,0.18530171,0.50503504,2.3255365,3.0264139,0,0,0,4,0,2,2,0,0,4,0,2.7071068,2.9748936,0.70710677,0.70710677,1.4142135,1.6035675,0,0,0,0,1.2888234,2,0,-0.63670385,-0.2391941,-0.12718825,1.1862774,-0.72162139,0.046968967,0.42463565,1.4357145,-0.41495353,0.027798871,0.34753221,1.509257,0.65022331,0.98029315,0.98029315,1.5036911,1.5036911,-1.0797349,0,0,1.4334673,0,14,14,1,0,3,2,0,8.2913504,10.642047,0,29.412313,0,0,1,0,1.30436,-0.82660002,1.6295868,1,1,0,1,0,0,0,0,0,0.1887618,-0.1887618,1,0.5,0,0,0,20.430908,0,0,0,0,59.163895,0,0,0,0,0,1,0.74331355,0,0,0.25668645,0,79.594803,59.163895,0,0,20.430908,0,0.5,1,0,0,0,0,1,0,0,0,1,0,79.594803,0,0,0,79.594803,0,1,1,0,0,0,1,1.4215,0,0,0,19.498468,0,0,0,0,0,78.297287,1.6573,0,0,0,0,0,0,19.498468,78.297287,0,0.99107605,2,0.91829586,2.5,79.594803,64.335419,0,0,0,0,59.163895,20.430908,0,84.932999,4,0,6
ClC(Cl)=C,1 1-Dichloroethene (9CI),DSSTox2DMolFile,3.506,75-35-4,9.2135859,1,1,0,0,0,0,0,0,6,0,0,4,3,9.5097752,1.5849625,0,0,2,2,0,2,0,0,0,0,0,2.5914834,-1.8064563,-0.4158493,0.40632555,1.819714,-1.5894884,-0.18191506,0.92662227,2.1030667,-1.4833896,-0.17872958,0.87126642,2.1813791,3.0264139,0,0,0,5,1,3,2,0,0,4,0,3.5773504,3.4748936,1.2071068,1.5773503,1.7320508,1.4874468,0.35355338,0.57735026,0,0,1.1456032,2,0,-0.67148197,-0.31755534,0.018229781,1.234145,-0.4968746,-0.098098136,0.55723453,1.5471654,-0.36779246,-0.080618404,0.48896465,1.5983537,0.48293993,0,0,2.2394578,2.2394578,-1.7374204,0,1.1410878,1.8712367,0,14,14,1,0,4,1.3333334,0,6.8925638,2.8531871,0,4.9164433,0,0,1,0,2.1723599,-1.73884,2.0201313,0,1,0,1,0,0,0,0,0,0.13964579,-0.13964579,0.82316595,0.5,29.408449,0,6.8309531,0,0,0,0,0,59.163895,0,0,0,0,0,1,0.6201452,0,0,0.37985483,0,95.403297,59.163895,0,0,36.239403,0,0.5,1,0,0,0,0,1,0,0,0,1,0,95.403297,0,0,0,95.403297,0,1,1,0,0,0,0.5,1.9352,0,0,0,0,0,3.8156381,0,0,0,110.39808,2.0846,0,0,0,3.8156381,0,0,0,110.39808,0,0.95443398,2.5849626,1,3.5032582,95.403297,82.862892,0,0,0,0,88.572342,6.8309531,0,96.944,9,0,12
ClC(Cl)(Cl)C(Cl)Cl,Ethane  pentachloro-,DSSTox2DMolFile,4.4029999,76-01-7,15.086793,0,0,1,1,0,0,0,0,8,0,0,7,5,10.39036,1.298795,0,0,2,5,0,1,0,0,0,0,0,3.5411971,-2.2106764,-0.093569331,-0.018843824,2.4042451,-2.2624214,0.43174163,0.68949997,2.4406769,-1.9548144,0.37341985,0.58530003,2.6689742,3.193207,0,0,0,7,0,6,3,1,0.16666667,7,0,6.0773501,6.7468176,1.0773503,1.0773503,2.9433756,3.2988226,0.28867513,0.28867513,0,0,1.4420569,3,0,-0.62029731,-0.25356933,-0.17774598,1.5949893,-0.81413227,0.25534692,0.52950001,1.8286365,-0.42289591,0.22015798,0.4253,1.9381797,1.4053369,0.74426168,0.74426168,3.7030652,3.7030652,-3.1531742,0,0,3.1017303,0,14,14,1,0,7,1.8518518,2.6666667,17.669201,5.4163537,9.0684881,13.671806,0,0,1,0,2.90044,-3.40959,3.2969563,1,1,0,1,0,0,0,0,0,0.42631382,-0.42631382,0.52940607,0.21837839,0,0,0,0,6.8309531,0,0,0,147.90973,0,0,0,0,0,0.95585549,0.95585549,0,0.044144519,0.044144519,0.044144519,147.90973,147.90973,0,6.8309531,6.8309531,6.8309531,0.33333334,0.5,0,0,0,0,1,0,0,0,1,0,154.74069,0,0,0,154.74069,0,2,1,0,0,0,1,3.1603,0,0,5.0408592,0,0,0,0,0,0,195.74323,3.5783999,0,0,0,5.0408592,0,0,0,195.74323,0,0.80309099,3.5849626,1.5566567,5.2844763,154.74069,139.58325,0,0,0,0,147.90973,6.8309531,0,202.295,42,6,30
ClC1(Cl)C(Cl)=C(Cl)C(Cl)=C1Cl,1 3-Cyclopentadiene  1 2 3 4 5 5-hexachloro-,DSSTox2DMolFile,6.7810001,77-47-4,21.879999,0,0,1,1,0,0,0,0,11,0,0,11,10,10.934332,0.99403024,0,0,5,6,0,0,0,0,0,0,0,2.9088469,-2.1147814,-0.74315453,0.54649472,2.4155636,-2.0913765,-0.23601559,1.1613948,2.525018,-1.8238136,-0.20594896,1.1188126,2.7137399,2.52,0,0,0,11,2,11,2,0,0,9,0,8.8094015,9.3033609,2.5,2.809401,4.8867512,4.6516805,1.25,1.5773503,0,0,1.323639,4,0,-0.64763111,-0.42452338,-0.029337322,1.8935126,-0.7315619,0.0015894399,0.67056888,2.1350856,-0.38908795,0.072851956,0.58541608,2.2527809,1.6085969,0,0,5.1805825,5.1805825,-4.9439225,0,2.4380393,4.6873784,0,14,14,1,0,9.090909,2.5,1.1111112,16.296686,4.7422042,2.2130091,7.0256562,0,0,1,0,5.6153598,-5.6608601,4.7671089,1,1,5,1,1,0,1,0,0,0.50487125,-0.50487125,0.37875095,0.17533241,0,18.078985,0,0,0,0,0,0,177.49168,0,0,0,0,0,1,0.90755779,0,0,0.092442214,0,195.57066,177.49168,0,0,18.078985,0,0.25,0.33333334,0,0,0,0,1,0,0,0,1,0,195.57066,0,0,0,195.57066,0,3,1,1,0,0,1,4.5523,0,0,0,0,0,14.002426,0,0,0,234.89186,5.1901002,0,0,0,14.002426,0,0,0,234.89186,0,0.68403846,4.4594316,1.9000051,6.6630087,195.57066,206.07808,0,0,0,0,195.57066,0,0,272.77298,132,19,58
O=C(O)CC,Propanoic acid,DSSTox2DMolFile,3.171,79-09-4,10.884758,1,1,0,0,2,0,0,0,11,2,4,5,2,15.789085,1.4353714,0,0,3,0,0,6,0,0,2,0,0,2.6693285,-2.3495605,-0.33723,0.31112719,2.3916647,-2.3181624,-0.2794365,0.30330601,2.4544773,-2.1368117,-0.16777936,0.42393002,2.607275,7.517242,1,0.25,0,10,1,4,2,1,0.25,9,0,4.2844572,3.0625687,2.2071068,2.284457,2.2700555,1.4883912,1.0606601,1.115355,0,0,0.87513351,3,0,-0.73384768,-0.36203444,0.019231545,1.7418233,-0.87241584,-0.26847681,0.01285101,1.7760719,-0.50876606,-0.17559813,0.120438,1.9419647,2.2736804,4.615222,1.8110875,-0.11269251,-0.046348535,-0.079685599,0,0.95450151,1.8515122,-0.98985577,5.0106473,14,1.0582994,2.7369025,5,2.25,4,4.0214376,1.6858125,2.67325,1.3558779,2,1,1,0,0.396,0.20449001,1.8725882,0,1,0,1,0,1,0,0,0,0.41091272,-0.41091272,0.733652,0.63662475,29.408449,15.808495,0,0,0,0,14.708499,0,0,13.566921,0,0,13.566921,0,0.6752165,0.31167084,0.15583542,0.3247835,0.68832916,0.16894808,58.783867,27.133842,13.566921,28.275419,59.925442,14.708499,0.33333334,0.5,0,0,0,0,1,0,0,0,1,0,87.059288,0,0,0,87.059288,0,2,0,0,0,0,0,0.48100001,0,7.7454643,23.862217,25.385227,0,0,0,0,18.868406,33.326015,1.79268,23.862217,0,25.385227,0,0,18.868406,7.7454643,33.326015,37.299999,0.90438145,3,1.5219281,4.1971598,87.059288,77.737846,0,0,0,0,45.216946,14.708499,27.133842,74.078995,18,2,16
C=C1C(C)(C)C2CC1CC2,(1)-2 2-Dimethyl-3-methylenebicyclo(2.2.1)heptane,DSSTox2DMolFile,3.7920001,79-92-5,28.268688,1,1,0,0,0,0,0,0,26,0,0,10,10,24.992151,0.9612366,0,0,10,0,0,16,0,0,0,0,0,2.2645037,-2.7193277,-0.23328424,0.25465745,2.8767235,-2.6086209,-0.13575482,0.34269595,2.9896238,-2.4592719,-0.094357349,0.37282604,3.1425219,17.491312,0,0,0,27,1,11,2,0,0,26,0,7.3533711,6.9831276,6.9831276,7.3533711,4.621027,4.3138967,4.3138967,4.621027,2,2,0.67751443,4,0,-0.80077791,-0.28191307,-0.094859213,2.6897693,-0.71899819,-0.18380538,-0.0021928386,2.8090286,-0.54081118,-0.13170446,0.025438553,2.9283669,0,1.195302,1.195302,3.9286001,3.9286001,-4.4705129,0,0.69314706,4.2972655,0,14,14,1,0,6.6942148,1.7777778,0.71679997,6.1488862,1.616026,0.64604354,0.99367601,0,0,1,0,4.2470002,-3.9386699,4.290565,0,1,8,1,2,2,0,0,0,0.054326683,-0.054326683,0.33683127,0.83131021,110.65946,0,0,0,0,0,0,31.616989,0,0,0,0,0,0,1,0.22222222,0,0,0.77777779,0,142.27646,31.616989,0,0,110.65946,0,0.25,0.33333334,0,0,0,0,1,0,0,0,1,0,142.27646,0,0,0,142.27646,0,3,0,2,0,0,0,2.9986999,0,0,0,0,8.8215923,3.185575,0,0,56.605217,98.752823,4.3751998,0,0,8.8215923,3.185575,0,56.605217,0,98.752823,0,0.76016748,4.4594316,1.8035642,6.3717146,142.27646,177.28036,0,0,0,0,142.27646,0,0,136.23799,98,13,58
O=[N+]([O-])c1c(C)cccc1,Benzene  1-methyl-2-nitro-,DSSTox2DMolFile,4.1440001,88-72-2,19.691551,1,1,0,0,0,0,6,0,17,0,0,10,8,28.183899,1.6578765,0,0,7,0,0,7,0,1,2,0,0,2.4522195,-2.2437398,-0.45041969,0.52669257,2.2978122,-2.132344,-0.34463406,0.62949616,2.4171247,-1.9987135,-0.30178291,0.68180567,2.5448616,8.9084492,1,0.1,6,17,1,10,1,1,0.1,10,0,7.5604777,5.5731111,4.309401,4.9831276,4.7152143,2.9161055,2.3273504,3.2271802,0,0,0.83095485,5,0,-0.73382962,-0.38905743,0.035756033,2.0844369,-0.80929995,-0.20653281,0.1260366,2.2085166,-0.49128714,-0.15973505,0.17172633,2.3332074,2.9117465,2.7182777,2.7182777,2.0632589,2.0632589,-2.203913,0,4.2505369,3.7642243,0,14,14,1,0,8.1000004,3.4082839,1.9911112,5.5139828,2.2070715,1.2370057,1.2169753,3,0,1,0,2.1370001,-2.3355801,3.7631028,1,1,6,1,1,1,0,0,0,0.51661187,-0.51661187,0.54958922,0.5,79.042473,19.836529,0,0,0,6.6995511,0,0,0,0,0,0,33.931049,0,0.70876127,0.24321657,0.24321657,0.29123873,0.75678343,0.048022151,98.878998,33.931049,33.931049,40.6306,105.57855,6.6995511,0.40000001,0.66666669,0,0,0,0,1,0,0,0,1,0,139.5096,0,0,0,139.5096,0,3,1,1,0,0,0,1.9032201,0,7.0856161,0,50.935009,3.185575,0,0,70.572739,0,36.082764,3.78334,7.0856161,0,50.935009,3.185575,2.7567475,70.572739,0,33.326015,45.82,0.72192812,4.321928,2.1508632,6.3392239,139.5096,156.5452,0,0,0,0,105.57855,33.931049,0,137.138,114,12,46
O=[N+]([O-])c1c(O)cccc1,Phenol  2-nitro-,DSSTox2DMolFile,4.0240002,88-75-5,17.399965,1,1,0,0,1,0,6,0,15,1,2,10,7,26.729055,1.7819371,0,0,6,0,0,5,0,1,3,0,0,2.4522195,-2.127727,-0.63561308,0.69078392,2.2249188,-2.0075336,-0.5478794,0.75403023,2.3849325,-1.8739637,-0.49112445,0.83688265,2.4615264,6.7220349,1,0.1,6,15,1,10,0,1,0.1,8,0,7.5604777,5.0203247,3.309401,3.9831276,4.7152143,2.6397123,1.8273503,2.6498299,0,0,0.92399454,5,0,-0.73815262,-0.43895987,0.11644185,1.9949198,-0.80970997,-0.25817806,0.15567772,2.1455317,-0.49079698,-0.21168457,0.23721187,2.2371597,3.6042497,4.3191743,2.0798719,1.600497,1.4304138,-1.7317758,0,4.447443,3.5163743,-0.74676037,6.5303507,14,1.7609727,0.81878394,8.1000004,3.4082839,1.9911112,5.5139828,2.2070715,1.2370057,1.2169753,4,1,1,0,1.531,-1.8131599,3.4237249,1,1,6,1,1,1,0,0,0,0.69996387,-0.69996387,0.44697899,0.36893743,47.425484,19.836529,0,8.458519,0,0,6.6995511,0,0,0,13.566921,0,33.931049,0,0.68725979,0.36559945,0.26117271,0.31274021,0.63440055,0.051567517,89.287453,47.497971,33.931049,40.6306,82.420082,6.6995511,0.40000001,0.66666669,0,0,0,0,1,0,0,0,1,0,129.91805,0,0,0,129.91805,0,3,1,1,0,0,0,1.3004,25.385227,7.0856161,0,50.935009,0,0,0,70.572739,0,8.0001755,3.47612,7.0856161,25.385227,50.935009,5.2434282,2.7567475,70.572739,0,0,66.050003,0.72192812,4.321928,2.1508632,6.3392239,129.91805,145.09825,0,0,0,0,82.420082,33.931049,13.566921,139.11,114,12,46
O=Cc1c(O)cccc1,Benzaldehyde  2-hydroxy-,DSSTox2DMolFile,4.474,90-02-8,17.924759,1,1,0,0,2,0,6,0,15,1,3,9,6,21.442099,1.4294733,0,0,7,0,0,6,0,0,2,0,0,2.363049,-2.169482,-0.63891917,0.69067937,2.1664896,-2.0457757,-0.5514065,0.75371784,2.3316984,-1.8528968,-0.4924356,0.83446026,2.4822574,7.517242,1,0.11111111,6,15,1,9,0,1,0.11111111,8,0,6.6902347,4.7422132,3.8867514,4.6902347,4.342535,2.5753345,2.1160254,3.0580783,0,0,0.806898,5,0,-0.75923574,-0.4063243,0.11615261,1.9528451,-0.77438217,-0.27289745,0.1541578,2.1043766,-0.42759791,-0.21309938,0.22213742,2.2496536,2.4094977,4.5399017,2.4772081,1.4654808,1.3492728,-1.4711934,0,4.1742177,3.4220459,-0.33743659,7.293035,14,1.895375,0.24541168,7.1111112,3.2396693,1.704142,4.6822257,2.0043066,0.99117333,1.0427351,2,1,1,0,1.523,-1.02904,3.46398,0,1,6,1,1,1,0,0,0,0.47292122,-0.47292122,0.49947691,0.59856349,63.233978,2.2085397,8.458519,0,22.058474,0,0,0,0,0,13.566921,0,13.566921,0,0.71058232,0.22043304,0.11021652,0.28941771,0.77956694,0.17920119,87.467957,27.133842,13.566921,35.625397,95.959511,22.058474,0.40000001,0.66666669,0,0,0,0,1,0,0,0,1,0,123.09335,0,0,0,123.09335,0,3,1,1,0,0,0.77777779,1.2047,25.385227,0,20.14522,0,27.047791,0,0,70.572739,0,5.2434282,3.3494301,23.862217,25.385227,0,8.4290028,0,70.572739,0,20.14522,37.299999,0.7642045,4.1699252,2.0751474,6.0174446,123.09335,143.85336,13.566921,0,0,0,73.901039,22.058474,27.133842,122.12299,86,10,40
Oc1c(-c2ccccc2)cccc1,(1 1'-Biphenyl)-2-ol,DSSTox2DMolFile,5.3800001,90-43-7,28.58993,0,0,1,1,1,0,12,0,23,1,2,13,12,27.803095,1.2088301,0,0,12,0,0,10,0,0,1,0,0,1.9125617,-2.2486157,-0.62864399,0.67950863,2.202544,-2.0309324,-0.51454133,0.79151452,2.4415579,-1.9054428,-0.47668764,0.84183866,2.5511248,10.93207,1,0.071428575,12,24,0,14,0,1,0.071428575,12,0,9.0960121,7.1433659,6.6961522,8.0960121,6.3770099,4.2116408,3.9880338,5.7996597,0,0,0.72321385,7,0,-0.76211107,-0.38514331,0.074080586,2.2100081,-0.76178282,-0.25460759,0.15841147,2.4204686,-0.42753857,-0.20747201,0.18697765,2.5310121,0.83731085,4.2117519,2.3334141,3.0790288,3.0746691,-3.0124669,0,6.5150232,5.318687,-0.017186005,8.7572966,14,1.0907609,0.010334753,9.5510206,4.4814816,2.2684309,6.3616672,2.8714383,1.40582,1.4051642,1,1,1,0,3.556,-3.4493101,5.383184,0,1,12,1,2,1,0,0,0,0.18995523,-0.18995523,0.6887123,1,146.69353,0,8.458519,0,0,0,0,0,0,0,13.566921,0,0,0,1,0.080411352,0,0,0.91958863,0,168.71896,13.566921,0,0,155.15205,0,0.42857143,0.75,0,0,0,0,1,0,0,0,1,0,168.71896,0,0,0,168.71896,0,4,0,2,0,0,0,3.0592,25.385227,0,0,0,0,0,0,165.15981,0,5.2434282,5.35428,0,25.385227,0,5.2434282,6.37115,158.78867,0,0,20.23,0.64772749,4.8073549,2.5574133,7.0980163,168.71896,221.41583,0,0,0,0,155.15205,0,13.566921,170.211,240,17,64
c12c(cccc1)cccc2,Naphthalene  pure,DSSTox2DMolFile,4.0510001,91-20-3,22.934343,1,1,0,0,0,0,10,0,18,0,0,10,10,17.839369,0.99107605,0,0,10,0,0,8,0,0,0,0,0,1.973451,-2.2102127,-0.62344694,0.67490977,2.1464629,-1.9932275,-0.51233274,0.78393066,2.3681228,-1.8540707,-0.47606608,0.8313455,2.5125337,8.745656,0,0,11,19,0,11,0,0,0,8,0,6.8115549,5.6188021,5.6188021,6.8115549,4.9663267,3.4047005,3.4047005,4.9663267,0,0,0.67751443,5,0,-0.75145823,-0.38043374,0.081343263,2.1205337,-0.54482317,-0.25029066,0.16647808,2.3278518,-0.40280271,-0.20207374,0.19503319,2.4613335,0,1.9626491,1.9626491,2.9311595,2.9311595,-3.6851635,0,5.2825246,4.2341609,0,14,14,1,0,6.6942148,2.9387755,1.3827161,4.263,1.7635357,0.7897315,0.75179529,0,0,1,0,3.128,-3.2627599,4.3421812,0,1,11,1,2,0,0,0,0,0,0,0,0,130.88504,0,0,0,0,0,0,130.88504,0,0,0,0,0,0,1,0,0,0,1,0,130.88504,0,0,0,130.88504,0,0.40000001,0.66666669,0,0,0,0,1,0,0,0,1,0,130.88504,0,0,0,130.88504,0,3,0,2,0,0,1,2.8397999,0,0,0,0,0,0,0,146.2914,0,0,4.3948002,0,0,0,0,5.1459289,141.14548,0,0,0,0.76016748,4.4594316,2.1166077,6.3344417,130.88504,177.28036,0,0,0,0,130.88504,0,0,128.174,109,12,50
O=C1Oc2c(cccc2)C=C1,2H-1-Benzopyran-2-one,DSSTox2DMolFile,4.0339999,91-64-5,21.444757,1,1,0,0,1,0,6,0,17,0,1,11,8,23.447769,1.3792804,0,0,9,0,0,6,0,0,2,0,0,1.9688946,-2.245939,-0.64241898,0.67872322,2.2493358,-2.1833947,-0.54646868,0.76899838,2.4049821,-1.9191372,-0.48443034,0.84151202,2.5740912,9.4332418,0,0,6,18,2,12,0,0,0,10,0,7.6817985,5.7805982,4.9641018,5.9746914,5.3601732,3.3504064,2.7380338,3.9663265,0,0,0.79377407,6,0,-0.73893702,-0.44120163,0.077448472,2.0893443,-0.91117734,-0.33567464,0.15566289,2.2404656,-0.39928013,-0.21061347,0.19613604,2.3974273,2.2018418,2.9369278,2.9369278,2.3155818,2.3155818,-2.547998,0,5.3773346,4.1526995,0,14,14,1,0,7.6388888,3.1640625,1.6,5.0309548,1.9848856,0.96029872,0.90780634,2,0,1,0,2.175,-2.7709999,4.1448269,0,1,11,1,2,0,0,0,0,0.53142995,-0.53142995,0.56487948,0.51304722,81.251015,15.808495,8.458519,0,0,0,14.708499,0,0,0,0,0,16.070677,0,0.774176,0.11790907,0.11790907,0.22582397,0.88209093,0.1079149,105.51803,16.070677,16.070677,30.779177,120.22652,14.708499,0.5,1,0,0,0,0,1,0,0,0,1,0,136.2972,0,0,0,136.2972,0,3,0,2,0,0,0.63636363,1.6188,10.999887,7.7454643,23.862217,0,3.185575,0,0,88.215919,17.643185,5.2434282,4.1111002,23.862217,10.999887,0,8.4290028,0,88.215919,25.388649,0,26.299999,0.71860999,4.5849624,2.2845867,6.6107807,136.2972,176.4948,13.566921,0,0,0,105.51803,17.212255,13.566921,146.14499,144,14,56
Clc1c(OCC(=O)O)ccc(Cl)c1,Acetic acid  (2 4-dichlorophenoxy)-,DSSTox2DMolFile,3.4990001,94-75-7,24.846758,1,1,0,0,3,0,6,0,19,2,5,13,9,34.445961,1.8129452,0,0,8,2,0,6,0,0,3,0,0,2.2773666,-2.2491937,-0.65315145,0.60500759,2.313127,-2.4020603,-0.4676435,0.95307326,2.4011405,-1.999746,-0.33118978,0.95381075,2.5520329,10.273242,3,0.23076923,6,19,1,13,2,3,0.23076923,12,0,9.8449354,7.9706545,4.4391575,5.1378284,6.0922241,4.1460109,2.0915873,2.8745749,0,0,1.0196115,8,0,-0.7553702,-0.41727832,0.067864448,2.0385191,-0.94295251,-0.32458618,0.3932004,2.2143393,-0.46854565,-0.20160221,0.36656645,2.3332381,3.5687683,5.719182,2.701735,2.4460607,2.5759702,-2.856535,0,4.6202803,4.925673,-0.99917823,3.9151165,14,1.0066817,4.2351713,11.076923,5.0242214,3.7037036,10.629155,4.8034153,3.5299411,3.9274032,3,1,1,0,2.586,-2.8996799,5.0282526,0,1,6,1,1,3,0,0,0,0.88661879,-0.88661879,0.37403291,0.35966578,47.425484,9.0394926,8.458519,0,22.058474,0,14.708499,0,59.163895,13.566921,0,0,13.566921,2.503756,0.72262532,0.46616924,0.084364071,0.27737471,0.53383076,0.19301063,137.65431,88.801491,16.070677,52.83765,101.69047,36.766975,0.5,1,0,0,0,0,1,0,0,0,1,0,190.49196,0,0,0,190.49196,0,4,0,1,0,0,0,2.4568,10.999887,7.7454643,23.862217,46.311485,0,0,7.0012131,52.929554,0,83.540718,4.95928,23.862217,10.999887,25.385227,12.244641,0,52.929554,28.671722,78.297287,46.529999,0.6193822,4.7004399,2.7785573,7.067152,190.49196,210.8558,2.503756,0,0,0,146.14586,14.708499,29.637598,221.039,266,15,60
Clc1c(Cl)ccc(N)c1,Benzenamine  3 4-dichloro-,DSSTox2DMolFile,5.7470002,95-76-1,19.353966,1,1,0,0,0,0,6,0,14,1,1,9,8,24.183554,1.7273967,0,0,6,2,0,5,0,1,0,0,0,2.4091668,-2.2010581,-0.63048345,0.63680255,2.1463821,-2.3224196,-0.34239471,0.96639222,2.3678286,-1.8466828,-0.33266592,0.97888774,2.5002615,5.6460352,0,0,6,14,0,9,1,0,0,8,0,6.8533711,6.077188,3.2320509,3.8533711,4.1983771,3.1606023,1.7380339,2.4663265,0,0,0.98833424,5,0,-0.81196928,-0.39184332,0.040191468,1.906173,-1.3342314,-0.136136,0.38567868,2.1344633,-0.4061524,-0.13494298,0.41157106,2.2458644,1.6183875,2.8750026,0.51761079,2.5425026,2.5425026,-2.5445032,0,3.7117977,3.8563895,0,14,14,1,0,7.1111112,2.7222223,1.704142,7.0133772,2.6796961,1.6744504,2.088191,1,2,1,0,2.4530001,-2.5743401,3.9566464,1,1,6,1,1,0,0,0,0,0.26306421,-0.26306421,0.26962081,0.38154137,47.425484,15.739044,0,0,0,0,0,0,59.163895,17.742489,0,0,0,0,1,0.54905319,0,0,0.45094678,0,140.07091,76.90638,0,0,63.164528,0,0.40000001,0.66666669,0,0,0,0,1,0,0,0,1,0,140.07091,0,0,0,140.07091,0,3,0,1,0,0,0,2.5755999,32.897186,0,0,0,0,0,7.0012131,52.929554,0,81.054039,4.08744,0,0,0,7.0012131,2.7567475,85.826744,0,78.297287,26.02,0.7642045,4.1699252,2.0374763,6.0213828,140.07091,158.83189,0,0,0,17.742489,122.32842,0,17.742489,162.019,84,10,42
O=[N+]([O-])c1cc(C)c(C)cc1,o-Xylene  4-nitro- (8CI),DSSTox2DMolFile,3.9749999,99-51-4,22.785137,1,1,0,0,0,0,6,0,20,0,0,11,9,31.909237,1.5954618,0,0,8,0,0,9,0,1,2,0,0,2.4406667,-2.3363392,-0.32940882,0.28249487,2.3264346,-2.2004795,-0.15468846,0.41081712,2.461983,-2.0619819,-0.074661724,0.50700432,2.6035769,11.094863,1,0.090909094,6,20,1,11,1,1,0.090909094,13,0,8.4307213,6.4957609,5.2320509,5.8533711,5.1090608,3.3267891,2.7380338,3.621027,0,0,0.81162292,6,0,-0.7609939,-0.38643885,-0.080948442,2.1856349,-0.8091712,-0.18482386,0.036634285,2.3133643,-0.49340865,-0.11119729,0.15470277,2.4422603,2.9089124,2.8661923,2.8661923,2.804975,2.804975,-2.6422563,0,4.2505293,4.2186089,0,14,14,1,0,9.090909,3.5999999,2.2145329,6.4386897,2.450659,1.4544272,1.4344575,3,0,1,0,2.4719999,-3.1229501,4.2135115,1,1,6,1,1,1,0,0,0,0.56167877,-0.56167877,0.51221228,0.45986736,74.625397,35.645023,0,0,0,6.6995511,0,4.4170794,0,0,0,0,33.931049,0,0.73840398,0.24690057,0.21846165,0.26159605,0.75309944,0.043134388,114.6875,38.348129,33.931049,40.6306,116.96997,6.6995511,0.5,1,0,0,0,0,1,0,0,0,1,0,155.3181,0,0,0,155.3181,0,3,1,1,0,0,0,2.2116399,0,7.0856161,0,50.935009,6.37115,0,0,52.929554,0,69.408775,4.25704,7.0856161,0,50.935009,6.37115,2.7567475,52.929554,0,66.652031,45.82,0.68403846,4.4594316,2.3710012,6.6055841,155.3181,175.07268,0,0,0,0,121.38705,33.931049,0,151.16499,152,14,52
C(C)(C)c1ccc(C)cc1,Benzene  1-methyl-4-(1-methylethyl)-,DSSTox2DMolFile,4.3150001,99-87-6,26.935102,0,0,1,1,0,0,6,0,24,0,0,10,10,23.51685,0.97986877,0,0,10,0,0,14,0,0,0,0,0,2.3010066,-2.5393822,-0.20596282,0.25113025,2.482899,-2.378418,-0.097359963,0.35388851,2.6433151,-2.2767107,-0.096153997,0.41709727,2.7538636,15.304898,1,0.1,6,24,0,10,2,1,0.1,18,0,7.5604777,6.8867512,6.8867512,7.5604777,4.6983771,3.7647429,3.7647429,4.6983771,0,0,0.6482805,6,0,-0.78551346,-0.26219642,-0.061626799,2.2816615,-0.6219219,-0.14432888,0.030151285,2.4401307,-0.51828408,-0.10821911,0.052666824,2.5575528,0,1.6601374,1.6601374,3.8626189,3.8626189,-4.227499,0,3.0649538,4.4458981,0,14,14,1,0,8.1000004,3.4082839,2.2857144,6.2298064,2.535476,1.6542789,1.5795525,0,0,1,0,4.0306001,-3.3631599,4.5210323,0,1,6,1,1,1,0,0,0,0.062748797,-0.062748797,0.49445423,0.35894871,90.433891,0,0,0,0,0,0,67.651054,0,0,0,0,0,0,1,0.42794117,0,0,0.5720588,0,158.08495,67.651054,0,0,90.433891,0,0.5,1,0,0,0,0,1,0,0,0,1,0,158.08495,0,0,0,158.08495,0,3,0,1,0,0,0.30000001,3.1184199,0,0,0,0,6.37115,0,4.4107962,70.572739,0,99.978043,4.5268002,0,0,0,10.781946,0,70.572739,0,99.978043,0,0.72192812,4.321928,2.3442218,6.3056221,158.08495,185.27473,0,0,0,0,158.08495,0,0,134.222,120,11,46
O=C(OCC(CCCC)CC)CCCCC(=O)OCC(CCCC)CC,Hexanedioic acid  bis(2-ethylhexyl) ester,DSSTox2DMolFile,5.7490001,103-23-1,69.933304,0,0,2,3,2,0,0,0,68,0,2,26,20,81.362648,1.1965095,0,0,22,0,0,42,0,0,4,0,0,3.6985891,-2.7218132,-0.22863299,0.056855634,2.6795158,-2.6438515,-0.089171857,0.123,2.7857757,-2.4776604,0.047353391,0.1057,2.922621,51.662693,17,0.68000001,0,67,2,25,6,19,0.75999999,65,0,19.62311,17.687189,16.054195,16.208897,12.565611,10.878871,9.4850235,9.5944138,2,2,0.72766709,19,0,-0.79785365,-0.33902344,-0.10314437,2.7384975,-0.85118639,-0.25218546,-0.037,2.8159873,-0.53521794,-0.13032292,-0.054299999,2.947772,4.802156,7.7906761,7.7906761,6.3194308,6.3194308,-5.2168102,0,1.9101497,10.803519,0,14,14,1,0,26,18.367348,15.752675,24.195431,17.041409,14.584238,15.858624,4,0,1,1,7.0500002,-6.1575198,10.98029,0,1,0,0,0,17,2,0,0,1.1312038,-1.1312038,0.2403242,0.26640618,280.13583,31.616989,0,44.116947,0,29.416998,0,0,0,0,0,0,27.133842,5.0075121,0.85252947,0.076998539,0.076998539,0.14747055,0.92300147,0.070472009,355.86975,32.141354,32.141354,61.558353,385.28677,29.416998,0.47368422,0.89999998,0,0,0,0,1,0,0,0,1,0,417.4281,0,0,0,417.4281,0,10,0,0,0,0,0.69230771,6.066,0,15.490929,69.724205,41.852516,8.8215923,0,0,0,226.42087,133.30406,10.6998,69.724205,0,8.8215923,0,0,226.42087,57.343445,133.30406,52.599998,0.38054717,5.643856,4.0110173,9.0549917,417.4281,451.08261,27.133842,0,0,0,355.86975,34.424511,27.133842,370.57401,2351,29,106
O=C(OCC)CC,Propanoic acid  ethyl ester,DougDB3DMolFile,2.8369999,105-37-3,17.07193,1,1,0,0,1,0,0,0,17,0,1,7,4,22.657948,1.3328204,0,0,5,0,0,10,0,0,2,0,0,2.8816717,-2.4239051,-0.14577185,0.049647253,2.4400651,-2.4311333,-0.018777093,0.123,2.4768069,-2.1983361,0.066795416,0.1057,2.6639626,13.80607,2,0.33333334,0,16,1,6,2,3,0.5,15,0,5.6986704,4.73071,3.9142137,3.9915638,3.3080604,2.4646904,1.767767,1.8224618,0,0,0.77764767,5,0,-0.76379323,-0.30043703,-0.11035275,1.9530015,-0.8451041,-0.19147553,-0.037,1.9754336,-0.51636147,-0.10550158,-0.054299999,2.1587114,2.4059718,3.6753516,3.6753516,0.71036053,0.71036053,-0.74507767,0,0.95508671,2.7603621,0,14,14,1,0,7,4.1666665,3.8399999,6.0467501,3.4975834,3.12132,3.0212874,2,0,1,0,1.001,-0.53504997,2.8415678,0,1,0,1,0,2,0,0,0,0.56559962,-0.56559962,0.48065031,0.53281057,58.816898,15.808495,0,22.058474,0,14.708499,0,0,0,0,0,0,13.566921,2.503756,0.75852472,0.12608106,0.12608106,0.2414753,0.87391895,0.11539423,96.683868,16.070677,16.070677,30.779177,111.39236,14.708499,0.40000001,0.66666669,0,0,0,0,1,0,0,0,1,0,127.46304,0,0,0,127.46304,0,3,0,0,0,0,0.42857143,0.95950001,0,7.7454643,34.862103,20.926258,0,0,0,0,18.868406,66.652031,2.6924,34.862103,0,0,0,0,18.868406,28.671722,66.652031,26.299999,0.80309099,3.5849626,2.1359327,5.2161746,127.46304,118.37366,13.566921,0,0,0,96.683868,17.212255,13.566921,102.133,50,5,24
Clc1ccc(O)cc1,Phenol  4-chloro-,DSSTox2DMolFile,4.4260001,106-48-9,16.875965,1,1,0,0,1,0,6,0,13,1,2,8,7,20.986301,1.6143309,0,0,6,1,0,5,0,0,1,0,0,2.2646422,-2.1465003,-0.6400162,0.70568633,2.1158288,-1.944613,-0.53807992,0.80591482,2.3536878,-1.8252872,-0.49986199,0.85431087,2.4431112,5.886035,0,0,6,13,0,8,1,0,0,7,0,5.9831276,4.8905082,3.309401,3.9831276,3.7876937,2.6119206,1.8213673,2.6329932,0,0,0.90059102,5,0,-0.76476204,-0.37807983,0.084109604,1.857482,-0.76167637,-0.26386139,0.16644596,2.0855477,-0.42916924,-0.21605732,0.3231186,2.1699691,1.1743355,2.9396667,1.2405319,2.0258572,2.025912,-1.8858637,0,3.4599009,3.2661076,-0.00070832839,10.149458,14,1.0058625,0.00042243005,6.125,2.52,1.8,5.345221,2.1506782,1.5063654,1.4369814,1,1,1,0,2.1900001,-1.75722,3.3806264,0,1,6,1,1,0,0,0,0,0.27219647,-0.27219647,0.48105732,0.69785506,63.233978,4.5197463,8.458519,0,0,0,0,0,29.581947,0,13.566921,0,0,0,1,0.36149853,0,0,0.63850147,0,119.36111,43.148869,0,0,76.212242,0,0.40000001,0.66666669,0,0,0,0,1,0,0,0,1,0,119.36111,0,0,0,119.36111,0,3,0,1,0,0,1,2.0455999,25.385227,0,0,0,0,0,3.5006065,70.572739,0,44.392071,3.3116801,0,25.385227,0,8.7440348,0,70.572739,0,39.148643,20.23,0.8112781,4,1.9905418,5.649457,119.36111,137.15216,0,0,0,0,105.79419,0,13.566921,128.558,62,7,36
O=CC=C,Acrylaldehyde,DSSTox2DMolFile,5.8299999,107-02-8,8.7491722,1,1,0,0,1,0,0,0,8,0,1,4,2,11.245112,1.4056391,0,0,3,0,0,4,0,0,1,0,0,2.2246697,-1.9269603,-0.48877037,0.48610681,1.9544506,-1.9256585,-0.40896913,0.5331775,1.9969419,-1.6298164,-0.32021067,0.59968597,2.2589464,5.3308282,1,0.33333334,0,7,2,3,0,1,0.33333334,5,0,3.4142137,2.2700555,1.8618073,2.4142137,1.9142135,0.9772839,0.74158162,1.2071068,0,0,0.73639923,3,0,-0.7142998,-0.35788721,0.047043603,1.4238652,-0.80493128,-0.25952986,0.11075427,1.476094,-0.38420984,-0.17822607,0.14644136,1.7056986,1.6475823,2.28614,2.28614,0.65706819,0.65706819,-0.49758634,0,1.6113318,1.5897776,0,14,14,1,0,4,3,4,2.2755983,1.264896,0.91238397,0.71959877,1,0,1,0,0.70700002,-0.11932,1.713492,1,1,0,1,0,1,0,0,0,0.28314331,-0.28314331,0.82733428,1,45.216946,0,0,0,22.058474,0,0,0,0,0,0,0,13.566921,0,0.55932254,0.1678195,0.1678195,0.44067743,0.8321805,0.27285793,45.216946,13.566921,13.566921,35.625397,67.275421,22.058474,0.33333334,0.5,0,0,0,0,1,0,0,0,1,0,80.842339,0,0,0,80.842339,0,2,1,0,0,0,1,0.37130001,0,0,44.007435,0,0,0,0,17.643185,0,32.100792,1.6260999,23.862217,0,0,0,0,17.643185,0,52.246014,17.07,0.95443398,2.5849626,1.4591479,3.4464393,80.842339,70.657326,13.566921,0,0,0,45.216946,22.058474,13.566921,56.063999,10,1,10
N#CC=C,2-Propenenitrile,DSSTox2DMolFile,3.7839999,107-13-1,8.3803787,1,1,0,0,1,0,0,0,7,0,1,4,2,10.141709,1.4488156,0,0,3,0,0,3,0,1,0,0,0,2.273586,-1.831467,-0.44876525,0.36195788,1.8344593,-1.7052087,-0.33118021,0.4370507,1.9591392,-1.5490893,-0.18587613,0.59168136,2.1245396,3.939621,0,0,0,6,1,3,0,1,0.33333334,4,1,3.4142137,2.2316706,1.7844571,2.4142137,1.9142135,0.9205302,0.69692343,1.2071068,0,0,0.68146282,3,0,-0.6987235,-0.39515653,0.05878599,1.3139008,-0.56838137,-0.27335873,0.13661136,1.4257443,-0.38570359,-0.16015097,0.22881266,1.5913475,1.8257651,1.7778345,1.7778345,0.73907453,0.73907453,-0.70776772,0,1.9711226,1.6200905,0,14,14,1,0,4,3,4,1.8500862,0.89699399,0.41277599,0.41487905,1,0,1,0,0.44,-0.46414,1.7411422,0,1,0,1,0,1,0,0,0,0.19081052,-0.19081052,0.52981424,1,29.408449,15.808495,20.299505,0,0,0,0,0,0,0,17.742489,0,0,0,1,0.21310012,0,0,0.78689986,0,83.258942,17.742489,0,0,65.516449,0,0.33333334,0.5,0,0,0,0,1,0,0,0,1,0,83.258942,0,0,0,83.258942,0,2,0,0,0,0,1,0.69598401,0,0,0,47.661102,0,0,0,17.643185,0,32.100792,1.581,0,31.059357,0,16.601746,0,17.643185,0,32.100792,23.790001,0.95443398,2.5849626,1.4591479,3.4464393,83.258942,73.430267,17.742489,0,0,0,45.216946,20.299505,17.742489,53.063999,10,1,10
S=C(NCCCC)NCCCC,Urea 1 3-dibutyl-2-thio- (8CI),DougDB3DMolFile,3.756,109-46-6,34.27586,1,0,0,1,1,0,0,0,32,2,3,12,8,43.032112,1.3447535,0,0,9,0,0,20,0,2,0,0,1,3.0518057,-2.6362104,-0.18855217,0.32173321,2.5494828,-2.7411447,-0.081784695,0.505279,2.639349,-2.3630874,0.041859426,0.57698381,2.823101,24.324141,6,0.54545456,0,31,1,11,4,8,0.72727275,30,0,9.2342043,8.9673853,6.7426405,6.8199911,5.8080606,5.2336926,3.4142137,3.4142137,0,0,0.76444185,10,0,-0.84903437,-0.25035933,0.030495824,2.3132908,-1.1861244,-0.22124048,0.12437252,2.3567655,-0.53012276,-0.054299999,0.15082617,2.5735378,3.9302795,4.8210125,2.2509582,1.9819155,1.9819155,-2.1347404,0,1.2358924,5.5705004,0,14,14,1,0,12,9.090909,9,11.622213,8.7772284,8.6681585,8.5009022,2,2,1,0,2.503,-2.9093699,5.7018685,0,1,0,1,0,6,0,0,0,0.3869358,-0.3869358,0.31603655,0.5,135.2175,40.59901,31.384512,0,0,0,0,0,0,0,11.365152,0,0,0,1,0.051998679,0,0,0.94800133,0,218.56618,11.365152,0,0,207.20102,0,0.5,1,0,0,0,0,1,0,0,0,1,0,218.56618,0,0,0,218.56618,0,5,1,0,0,0,0.91666669,2.0506999,36.0215,0.28452146,0,36.879158,0,0,0,0,75.473625,111.84406,5.8420401,0,0,36.0215,0,0,75.473625,37.163677,111.84406,56.150002,0.61674827,4.4594316,3.0707202,6.7908244,218.56618,220.00233,31.384512,0,0,11.365152,162.64989,13.166624,42.749664,188.339,261,10,44
O=C(O)CCCC,Pentanoic acid,DSSTox2DMolFile,3.3559999,109-52-4,17.07193,1,1,0,0,2,0,0,0,17,2,4,7,4,22.657948,1.3328204,0,0,5,0,0,10,0,0,2,0,0,2.7140133,-2.565371,-0.33626133,0.31047586,2.5450172,-2.4471569,-0.27678496,0.3031517,2.6742289,-2.3300469,-0.16736105,0.42283639,2.7793903,11.89007,3,0.5,0,16,1,6,4,3,0.5,15,0,5.6986704,4.4767823,3.6213202,3.6986706,3.2700555,2.4883912,2.0606601,2.115355,0,0,0.80190569,5,0,-0.78797644,-0.3408702,0.017196003,2.0585992,-0.872527,-0.22528064,0.012818723,2.1535578,-0.52815527,-0.17385323,0.11766192,2.2650783,2.2716279,4.6587706,1.8518453,0.9191221,0.99829161,-0.75877833,0,0.95450389,2.7602839,-0.99022818,4.9942393,14,1.0564882,2.7592018,7,4.1666665,6,6.0467501,3.4975834,4.8770623,3.0212874,2,1,1,0,1.28,-0.82595003,2.8122103,0,1,0,1,0,3,0,0,0,0.41091272,-0.41091272,0.73365164,0.63662475,61.02544,15.808495,0,0,0,0,14.708499,0,0,13.566921,0,0,13.566921,0,0.76174331,0.22863746,0.11431873,0.23825672,0.77136254,0.12393799,90.400856,27.133842,13.566921,28.275419,91.542435,14.708499,0.40000001,0.66666669,0,0,0,0,1,0,0,0,1,0,118.67628,0,0,0,118.67628,0,3,0,0,0,0,0,1.2612,0,7.7454643,23.862217,25.385227,0,0,0,0,56.605217,33.326015,2.71608,23.862217,0,25.385227,0,0,56.605217,7.7454643,33.326015,37.299999,0.80309099,3.5849626,2.2125823,5.195847,118.67628,114.79279,0,0,0,0,76.833931,14.708499,27.133842,102.133,52,4,24
C1=CCCCC1,Cyclohexene,DougDB3DMolFile,3.941,110-83-8,17.22793,1,1,0,0,0,0,0,0,16,0,0,6,6,15.270944,0.95443398,0,0,6,0,0,10,0,0,0,0,0,2.0389354,-2.6431711,-0.56254733,0.60295242,2.5775132,-2.468987,-0.45191994,0.71115553,2.7508235,-2.3805299,-0.4280971,0.7392242,2.8437238,10.93207,0,0,0,16,1,6,0,0,0,15,0,4.2426405,3.9831276,3.9831276,4.2426405,3,2.6498299,2.6498299,3,0,0,0.6482805,3,0,-0.78924334,-0.34984258,0.067562856,2.1466856,-0.60819817,-0.22322606,0.15827541,2.3080828,-0.52177244,-0.18320721,0.18113005,2.3898063,0,0.78669357,0.78669357,2.3075106,2.3075106,-2.4991772,0,0.69314718,2.6495528,0,14,14,1,0,4.1666665,2.2222223,1.3333334,3.582334,1.8417007,1.0646118,1.0995978,0,0,1,0,2.6673999,-1.66638,2.7767355,0,1,6,1,1,1,0,0,0,0.061412975,-0.061412975,0.41857511,0.5,63.233978,0,0,0,0,0,0,31.616989,0,0,0,0,0,0,1,0.33333334,0,0,0.66666669,0,94.850967,31.616989,0,0,63.233978,0,0,0,0,0,0,0,1,0,0,0,1,0,94.850967,0,0,0,94.850967,0,3,0,1,0,0,0,2.1166,0,0,0,0,0,0,0,35.286369,75.473625,0,2.7607999,0,0,0,0,0,110.75999,0,0,0,0.91829586,3.5849626,1.5219281,4.7821221,94.850967,111.16484,0,0,0,0,94.850967,0,0,82.145996,27,3,24
ClCCOCCCl,Ethane  1 1'-oxybis(2-chloro-,DSSTox2DMolFile,2.7750001,111-44-4,17.536345,1,0,0,1,1,0,0,0,15,0,1,7,6,24.603359,1.640224,0,0,4,2,0,8,0,0,1,0,0,2.4474728,-2.4656682,-0.096826315,0.057136703,2.4496565,-2.5430722,0.090958029,0.47927824,2.3876021,-2.2220805,0.1057,0.42060766,2.6870024,11.501656,4,0.66666669,0,14,0,6,6,4,0.66666669,14,0,5.5355339,5.5044622,2.8284271,2.8284271,3.4142137,3.1809177,1,1,0,0,1.0334644,6,0,-0.80747211,-0.25859147,-0.1028633,1.8979721,-0.87599123,-0.08948984,0.23120062,1.9162208,-0.50833207,-0.069611378,0.23260169,2.1300228,2.0635467,2.8235095,2.8235095,1.6514206,1.6514206,-1.3759553,0,0,2.9767215,0,14,14,1,0,7,6,6,10.49902,9.6623602,10.421832,14.492187,1,0,1,0,1.316,-1.2637399,3.2703598,1,1,0,1,0,4,0,0,0,0.57299662,-0.57299662,0.27865672,0.61270022,0,0,36.239403,44.116947,0,0,0,0,0,59.163895,0,0,0,2.503756,0.98237091,0.43420583,0.017629106,0.017629106,0.56579417,0,139.52025,61.667648,2.503756,2.503756,80.356354,0,0.5,1,0,0,0,0,1,0,0,0,1,0,142.024,0,0,0,142.024,0,3,1,0,0,0,1,1.4806,0,0,10.999887,80.219391,0,0,0,0,0,78.297287,3.2258999,10.999887,0,0,0,0,0,80.219391,78.297287,9.2299995,0.80309099,3.5849626,2.398303,5.1689868,142.024,130.57924,2.503756,0,0,0,139.52025,0,2.503756,143.013,56,4,22
O(CCOCCO)CCO,Ethanol  2 2'-(1 2-ethanediylbis(oxy))bis-,DSSTox2DMolFile,0.51999998,112-27-6,23.103102,0,0,1,2,4,0,0,0,24,2,6,10,6,33.226357,1.3844315,0,0,6,0,0,14,0,0,4,0,0,2.6476049,-2.5337296,-0.34808707,0.29770431,2.5053484,-2.6360881,-0.2645767,0.27671006,2.3938544,-2.3007483,-0.13141271,0.35936731,2.7213304,19.136898,7,0.77777779,0,23,0,9,9,7,0.77777779,23,0,7.6568542,5.9535646,4.2426405,4.2426405,4.9142137,3.2871561,1.5,1.5,0,0,0.87984556,9,0,-0.80798942,-0.36130849,0.0042386372,2.1249816,-0.9107365,-0.31843993,-0.024953039,2.0556839,-0.51932019,-0.16348371,0.048997466,2.3194418,5.3195801,7.0875721,4.5939951,-0.55136544,-0.55136544,0.31834403,0,0,3.6165326,0,14,14,1,0,10,9,9.1428576,10,9,9.1428576,9,4,2,1,0,-1.51026,0.52925998,3.7027657,0,1,0,1,0,7,0,0,0,1.1318402,-1.1318402,0.18906914,0.30773681,0,0,0,88.233894,44.116947,0,0,0,0,0,0,27.133842,0,5.0075121,0.53640169,0.19539744,0.19539744,0.46359828,0.80460256,0.26820084,88.233894,32.141354,32.141354,76.258301,132.35085,44.116947,0.44444445,0.80000001,0,0,0,0,1,0,0,0,1,0,164.4922,0,0,0,164.4922,0,5,0,0,0,0,1,-0.99580002,50.770454,0,21.999775,125.55755,0,0,0,0,0,0,3.58096,21.999775,50.770454,0,0,0,0,125.55755,0,58.919998,0.68007702,4.1699252,2.9572949,6.2278051,164.4922,154.64305,5.0075121,0,0,0,132.35085,0,32.141354,150.174,165,7,34
S(C#N)CC(=O)OC1C2(C)C(C)(C)C(C1)CC2,Acetic acid  thiocyanato-  (1R 2R 4R)-1 7 7-trimethylbicyclo(2.2.1)hept-2-yl ester  rel-,DougDB3DMolFile,6.4489999,115-31-1,41.153069,1,0,0,1,2,0,0,0,36,0,2,17,12,55.300961,1.5361378,0,0,13,0,0,19,0,1,2,0,1,1.9621402,-2.7261817,-0.2388631,0.14841534,2.9661899,-2.6899338,-0.13886251,0.24185383,3.0333512,-2.4847803,-0.030360874,0.35828546,3.2142565,26.584932,3,0.16666667,0,37,1,18,3,5,0.27777779,35,1,12.681798,11.471582,8.9831276,9.2675848,7.9148502,7.1051569,4.759202,4.8138967,3,3,0.82807636,9,0,-0.80724019,-0.33553857,-0.10084289,2.9206898,-0.89231545,-0.26106247,0.016104164,2.9926536,-0.54464066,-0.14717309,0.11049785,3.143234,4.7238979,4.4349046,4.4349046,2.7812428,2.7812428,-3.4397831,0,2.2702405,6.8758678,0,14,14,1,0,13.432098,4.5918369,2.0618014,12.75253,4.3446231,1.9455014,3.2591138,3,0,1,0,3.2149999,-4.2270002,6.9661198,0,1,8,1,2,6,0,0,0,0.77567542,-0.77567542,0.36604333,0.39090678,137.85938,0,30.734087,17.784555,0,14.708499,0,19.760618,0,0,17.742489,0,13.566921,2.503756,0.87913632,0.21037352,0.063106328,0.12086366,0.78962648,0.057757333,223.88112,53.573784,16.070677,30.779177,201.08652,14.708499,0.44444445,0.80000001,0,0,0,0,1,0,0,0,1,0,254.66029,0,0,0,254.66029,0,5,0,2,0,0,0.17647059,2.958684,0,7.7454643,41.330753,63.259827,4.4107962,0,0,0,56.605217,132.19759,6.7181001,34.862103,31.059357,4.4107962,21.435555,0,56.605217,24.979029,132.19759,50.09,0.54234898,5.1699252,2.9573796,7.8573275,254.66029,282.84106,31.30941,0,0,0,183.86307,39.487823,31.30941,253.366,519,27,92
n1cc2c(cc1)cccc2,Isoquinoline,DougDB3DMolFile,3.711,119-65-3,21.607552,1,1,0,0,1,0,10,0,17,0,1,10,9,21.306059,1.2532976,0,0,9,0,0,7,0,1,0,0,0,1.973451,-2.179812,-0.65908784,0.72137362,2.1332707,-1.9939691,-0.55872405,0.82050979,2.33553,-1.8324916,-0.5129928,0.87567216,2.4888504,8.9724493,0,0,11,18,0,11,0,0,0,7,0,6.8115549,5.4886656,5.0414519,6.1044478,4.9663267,3.2544317,2.7380338,3.9663265,0,0,0.71342081,5,0,-0.74805242,-0.39276746,0.099205732,2.0802743,-0.72414738,-0.27560654,0.17912725,2.2632225,-0.40147886,-0.21691805,0.21301816,2.4131689,2.0757189,2.433856,2.433856,2.1634817,2.1770337,-2.3785558,0,5.2739406,4.1105537,0.031240983,14,8.4914913,1.1491584,0.018921906,6.6942148,2.9387755,1.3827161,4.1994271,1.7334893,0.774854,0.72796619,1,0,1,0,1.895,-2.0046201,4.2050285,0,1,11,1,2,0,0,0,0,0.24231887,-0.24231887,0.40807295,1,83.459549,40.59901,0,0,0,0,0,0,0,0,0,5.6825762,0,0,0.95620066,0.043799337,0.043799337,0.043799337,0.95620066,0,124.05856,5.6825762,5.6825762,5.6825762,124.05856,0,0.40000001,0.66666669,0,0,0,0,1,0,0,0,1,0,129.74113,0,0,0,129.74113,0,3,0,2,0,0,0.1,2.2348001,0,16.78553,0,0,0,0,0,127.79057,0,0,4.1743002,0,16.78553,0,0,5.1459289,122.64464,0,0,12.89,0.76016748,4.4594316,2.1166077,6.3344417,129.74113,171.15564,5.6825762,0,0,0,124.05856,0,5.6825762,129.162,109,12,50
Clc1c(Cl)ccc(Cl)c1,Benzene  1 2 4-trichloro-,DSSTox2DMolFile,4.6550002,120-82-1,19.10038,0,0,1,1,0,0,6,0,12,0,0,9,9,18,1.5,0,0,6,3,0,3,0,0,0,0,0,2.4091668,-2.1026151,-0.67153341,0.6645577,2.1144769,-1.8810395,-0.33491111,1.0247319,2.3643124,-1.7688568,-0.32701471,1.0181353,2.4601803,4.5396209,0,0,6,12,0,9,1,0,0,6,0,6.8533711,6.6337309,3.2320509,3.8533711,4.1983771,3.438874,1.7380339,2.4663265,0,0,1.0627798,5,0,-0.70965225,-0.40503237,0.036785886,1.8315148,-0.5178557,-0.13174906,0.49567696,2.0996666,-0.38527951,-0.10162933,0.46029705,2.1796772,0.80318356,0.78371561,0.78371561,3.8786941,3.8786941,-3.5251818,0,3.6951172,3.9268446,0,14,14,1,0,7.1111112,2.7222223,1.704142,8.7292194,3.4334121,2.2052007,3.3301117,0,0,1,0,3.717,-3.58775,4.0918884,0,1,6,1,1,0,0,0,0,0.24491759,-0.24491759,0.28188169,0.33568981,47.425484,13.559239,0,0,0,0,0,0,88.745842,0,0,0,0,0,1,0.59270358,0,0,0.40729642,0,149.73056,88.745842,0,0,60.984722,0,0.40000001,0.66666669,0,0,0,0,1,0,0,0,1,0,149.73056,0,0,0,149.73056,0,3,0,1,0,0,0,3.6468,0,0,0,0,0,0,10.50182,52.929554,0,117.44593,4.1472001,0,0,0,10.50182,0,52.929554,0,117.44593,0,0.7642045,4.1699252,2.0374763,6.0213828,149.73056,167.88519,0,0,0,0,149.73056,0,0,181.44899,84,10,42
O=[N+]([O-])c1c(C)ccc([N+](=O)[O-])c1,Benzene  1-methyl-2 4-dinitro-,DSSTox2DMolFile,3.7160001,121-14-2,21.728758,1,1,0,0,0,0,6,0,19,0,0,13,9,35.549362,1.8710191,0,0,7,0,0,6,0,2,4,0,0,2.5624354,-2.2293801,-0.30470097,0.39646855,2.3426881,-2.1388323,-0.1824311,0.51429707,2.4413686,-2.0053849,-0.10636511,0.59882367,2.5587161,9.0712423,2,0.15384616,6,19,2,13,1,2,0.15384616,11,0,10.008072,6.7594709,4.2320509,4.8533711,6.0197444,3.4155443,2.2380338,3.0436769,0,0,0.9601354,6,0,-0.71815324,-0.41832727,-0.013346517,2.185962,-0.81287593,-0.17367902,0.098619513,2.2819595,-0.49545187,-0.11450803,0.1767,2.4004133,5.7148781,3.6288753,3.6288753,2.1796703,2.1796703,-2.7233331,0,5.4353757,4.4456077,0,14,14,1,0,11.076923,4.4814816,2.7210884,7.5857816,2.960686,1.7430818,1.7276244,6,0,1,0,2.109,-3.1258099,4.2426376,1,1,6,1,1,2,0,0,0,1.0331985,-1.0331985,0.2847223,0.25000402,47.425484,23.864563,15.808495,0,0,13.399102,0,0,0,0,0,0,67.862099,0,0.51733589,0.40307793,0.40307793,0.48266408,0.59692204,0.079586141,87.098541,67.862099,67.862099,81.2612,100.49764,13.399102,0.5,1,0,0,0,0,1,0,0,0,1,0,168.35974,0,0,0,168.35974,0,3,1,1,0,0,0,1.81142,0,14.171232,0,101.87002,3.185575,0,0,52.929554,0,38.839512,4.4487801,14.171232,0,101.87002,3.185575,5.513495,52.929554,0,33.326015,91.639999,0.6193822,4.7004399,2.4961061,7.1105013,168.35974,183.39809,0,0,0,0,100.49764,67.862099,0,182.13499,240,18,62
O=C(CC(=O)C)C,2 4-Pentanedione,DSSTox2DMolFile,1.893,123-54-6,15.738344,1,1,0,0,2,0,0,0,15,0,2,7,3,20.993719,1.3995812,0,0,5,0,0,8,0,0,2,0,0,3.0375342,-2.3348889,-0.17444909,0.15608735,2.4430249,-2.3930359,-0.093757339,0.20304197,2.4081824,-2.1080308,-0.040753517,0.27192843,2.6828275,10.661656,2,0.33333334,0,14,2,6,4,2,0.33333334,12,0,5.8618073,4.5236034,3.7071068,3.8618073,3.1258976,2.115355,1.7071068,1.9711971,0,0,0.80190569,4,0,-0.69357067,-0.25105602,-0.077151664,1.9396505,-0.82442731,-0.15821297,-0.026072105,1.9243264,-0.47316033,-0.11404239,0.034889936,2.1663308,3.19295,4.0581765,4.0581765,0.49261662,0.49261662,-0.70925045,0,1.3796798,2.6475422,0,14,14,1,0,7,3.0612245,6,5.184,2.1335511,3.9015,1.5800469,2,0,1,0,-0.25999999,-0.14988001,2.7443764,0,1,0,1,0,2,0,0,0,0.59118128,-0.59118128,0.26807138,0.5,0,58.816898,15.808495,16.917038,0,0,0,0,0,0,0,0,27.133842,0,0.77136254,0.22863746,0.22863746,0.22863746,0.77136254,0,91.542435,27.133842,27.133842,27.133842,91.542435,0,0.5,1,0,0,0,0,1,0,0,0,1,0,118.67628,0,0,0,118.67628,0,2,1,0,0,0,1,0.55449998,0,11.375222,47.724434,0,0,0,0,0,18.868406,66.652031,2.5978999,47.724434,0,0,0,0,18.868406,11.375222,66.652031,34.139999,0.80309099,3.5849626,1.956067,5.2303886,118.67628,114.79279,27.133842,0,0,0,74.625397,16.917038,27.133842,100.117,48,4,26
o1c2c(c3c1cccc3)cccc2,Dibenzofuran,DSSTox2DMolFile,4.9949999,132-64-9,27.256344,0,0,1,1,0,0,13,0,21,0,0,13,10,25.219116,1.2009103,0,0,12,0,0,8,0,0,1,0,0,1.788191,-2.1160188,-0.62744355,0.64605594,2.1907179,-1.9216762,-0.48595896,0.7827754,2.4073339,-1.784199,-0.45267031,0.83260697,2.5412745,10.661656,0,0,15,23,0,15,0,0,0,8,0,8.6733618,7.0270505,6.6188021,7.9662552,6.4494896,4.3129487,3.9047005,5.6329932,0,0,0.73792297,6,0,-0.82836396,-0.41037565,0.064205073,2.2607212,-0.54150224,-0.25187904,0.16326031,2.4696116,-0.39987811,-0.20515707,0.19647439,2.5939403,0.5669415,2.4376314,2.4376314,3.2595813,3.2595813,-3.4173255,0,6.7851391,5.1851254,0,14,14,1,0,8.3199997,3.2925169,1.3333334,5.541719,2.1096282,0.82630974,0.89930511,1,0,1,0,3.608,-4.6768899,5.2777343,1,1,15,1,3,0,0,0,0,0.45349666,-0.45349666,0.32039431,1,130.88504,0,16.917038,0,0,0,0,0,0,0,0,0,0,2.503756,0.98334223,0.016657744,0.016657744,0.016657744,0.98334223,0,147.80208,2.503756,2.503756,2.503756,147.80208,0,0.33333334,0.5,0,0,0,0,1,0,0,0,1,0,150.30583,0,0,0,150.30583,0,4,0,3,0,0,0,3.586,0,0,0,0,0,9.5073462,0,155.96382,0,0,5.3720002,9.5073462,0,0,0,14.81835,141.14548,0,0,13.14,0.67461002,4.9068904,2.3871365,7.1120486,150.30583,217.00232,0,0,0,0,130.88504,19.420795,0,168.19499,219,19,72
S=C1NC(=O)C=CN1,Uracil  2-thio- (VAN) (8CI),DSSTox2DMolFile,4.2210002,141-90-2,15.609172,1,1,0,0,2,0,0,0,12,2,4,8,2,25.01955,2.0849626,0,0,4,0,0,4,0,2,1,0,1,2.2899671,-2.3413758,-0.54312718,0.57323354,2.2427733,-2.6047907,-0.51061034,0.70443296,2.1038251,-1.9632592,-0.35101691,0.81622082,2.6113632,7.7908282,0,0,0,12,3,8,0,0,0,9,0,5.9831276,4.7876935,2.1547005,2.5689142,3.7876937,2.4771802,0.62200844,0.90824831,0,0,0.98158878,4,0,-0.82108659,-0.40383705,0.11580265,1.8159965,-1.1777524,-0.38737175,0.22018799,1.743462,-0.41938666,-0.20777318,0.2763705,2.1578469,3.6330047,6.8431573,1.3429419,0.076075368,0.16509318,-1.0923318,0,3.4085877,3.2609067,1.6386409e-006,11.010933,11.004633,1.0099363,4.1301265,6.125,2.52,1.8,4.5684118,1.7887117,1.2226636,1.0214465,3,2,1,0,-0.81999999,-1.64801,3.2180116,0,1,6,1,1,0,0,0,0,0.63340861,-0.63340861,0.4426626,0.41861844,0,49.274624,31.384512,0,0,12.949531,0,0,0,0,5.6825762,5.6825762,13.566921,0,0.72837162,0.21032493,0.16238718,0.27162838,0.78967506,0.10924119,86.341713,24.932074,19.249496,32.199028,93.608665,12.949531,0.25,0.33333334,0,0,0,0,1,0,0,0,1,0,118.54074,0,0,0,118.54074,0,3,0,1,0,0,0.375,-0.49559999,36.0215,5.5433049,23.862217,0,0,0,0,34.85754,0,45.192028,3.3017399,23.862217,0,36.0215,0,0,34.85754,5.5433049,45.192028,73.220001,0.8112781,4,1.892153,5.6637831,118.54074,126.45112,44.951431,0,0,11.365152,36.108002,26.116156,56.316586,128.155,61,7,36
OC(C(CO)C)CC,1 3-Pentanediol  2-methyl-,DougDB3DMolFile,1.2359999,149-31-5,21.499102,1,1,0,0,2,0,0,0,22,2,4,8,6,27.294752,1.2406706,0,0,6,0,0,14,0,0,2,0,0,3.2924781,-2.6724567,-0.41463056,0.52298337,2.6553059,-2.6971028,-0.42297205,0.46234459,2.6626163,-2.442028,-0.33449015,0.59634167,2.8814754,15.304898,3,0.42857143,0,21,0,7,5,3,0.42857143,21,0,6.5689139,5.4633412,4.5689139,4.5689139,3.718744,3.0087137,2.4342871,2.4342871,2,2,0.78055644,5,0,-0.80065447,-0.30061662,0.051676888,2.2926128,-0.8869006,-0.30209878,-0.0088056168,2.3128145,-0.53146571,-0.19047202,0.1210851,2.4927545,2.6519718,4.3448162,2.0903013,0.48859692,0.48859692,-0.36308536,0,0,3.2563384,0,14,14,1,0,8,3.9375,2.8125,8,3.9375,2.8125,3.9375,2,2,1,0,0.778,-0.11798,3.301518,0,1,0,1,0,3,0,0,0,0.44340092,-0.44340092,0.41622269,0.50307304,74.625397,2.2085397,0,30.516994,0,0,0,0,0,0,0,27.133842,0,0,0.79823858,0.20176145,0.20176145,0.20176145,0.79823858,0,107.35093,27.133842,27.133842,27.133842,107.35093,0,0.40000001,0.66666669,0,0,0,0,1,0,0,0,1,0,134.48477,0,0,0,134.48477,0,3,0,0,0,0,0,0.38569999,50.770454,0,6.4686494,20.926258,4.4107962,0,0,0,18.868406,66.652031,3.25476,0,50.770454,4.4107962,6.4686494,0,18.868406,20.926258,66.652031,40.459999,0.75787848,3.8073549,2.1055162,5.6514521,134.48477,133.32027,0,0,0,0,107.35093,0,27.133842,118.17599,68,8,30
n1c2c(cc3c1cccc3)cccc2,Acridine,DougDB3DMolFile,4.8920002,260-94-6,29.981136,0,0,1,1,1,0,14,0,23,0,1,14,13,27.406883,1.1916037,0,0,13,0,0,9,0,1,0,0,0,1.7054343,-2.2035244,-0.65600193,0.66454417,2.1670892,-2.0115201,-0.56246543,0.76102322,2.3706858,-1.8498307,-0.47211686,0.85080028,2.5292156,11.158863,0,0,16,25,0,16,0,0,0,9,0,9.3804693,7.6433659,7.1961522,8.6733618,6.932653,4.6792645,4.2320509,6.1161566,0,0,0.717112,7,0,-0.74484098,-0.41472304,0.066497423,2.2764325,-0.68358862,-0.28798059,0.14962626,2.4656131,-0.40031409,-0.20995273,0.20296572,2.6193964,2.110764,3.0289459,3.0289459,3.0852904,3.2609017,-3.6205275,0,7.4840021,5.7153511,0.34879079,14,7.2711554,1.9092202,0.25570956,9.2421875,3.8677685,1.76,5.8850355,2.3665502,1.0441902,0.99480236,1,0,1,0,3.579,-3.8201001,5.8001204,1,1,16,1,3,0,0,0,0,0.24535747,-0.24535747,0.33114707,1,146.69353,13.399102,0,0,0,0,0,0,0,0,0,5.6825762,0,0,0.96572119,0.034278806,0.034278806,0.034278806,0.96572119,0,160.09264,5.6825762,5.6825762,5.6825762,160.09264,0,0.42857143,0.75,0,0,0,0,1,0,0,0,1,0,165.77521,0,0,0,165.77521,0,4,0,3,0,0,1,3.388,0,16.78553,0,0,0,0,0,168.22285,0,0,5.9249001,0,16.78553,0,0,9.4342031,158.78867,0,0,12.89,0.64206427,5,2.5695729,7.3165565,165.77521,237.27116,5.6825762,0,0,0,160.09264,0,5.6825762,179.222,279,21,76
P(=O)(OCC)(OCC)Oc1ccc([N+](=O)[O-])cc1,Phosphoric acid  diethyl 4-nitrophenyl ester,DSSTox2DMolFile,9.1610003,311-45-5,36.4771,0,0,1,2,4,0,6,0,32,0,4,18,11,57.967976,1.8114992,0,0,10,0,0,14,0,1,6,1,0,2.4274604,-2.4644189,-0.43380904,0.32134116,2.5003662,-2.4461167,-0.47012722,0.4412322,2.6263726,-2.2186954,-0.19401623,0.54820538,2.7614322,30.746899,7,0.3888889,6,32,1,18,6,7,0.3888889,25,0,13.596012,10.961959,6.7236147,7.3973413,8.5041494,6.7967005,3.2355807,4.0472069,0,0,0.94388461,10,0,-0.75450379,-0.40024689,-0.077813618,2.3137729,-1.2945524,-0.27697814,0.078859918,2.4452763,-0.51723373,-0.17698149,0.15349378,2.5611703,6.8519773,7.4517298,7.4517298,2.2910397,2.2910397,-3.2010972,1.3578795,4.4367161,6.7728357,0,14,14,1,0,16.055555,7.5555553,5.2674899,14.506742,6.7835999,4.7071972,5.4671073,7,0,1,0,1.8660001,-3.01267,6.7088218,1,1,6,1,1,7,0,0,0,1.3722678,-1.3722678,0.30808535,0.18822683,90.433891,44.103542,44.116947,0,0,6.6995511,18.713068,0,0,15.729136,0,4.6659718,43.262993,0,0.7260564,0.23777412,0.17902304,0.27394363,0.76222587,0.094920576,194.38351,63.6581,47.928963,73.341583,204.067,25.412621,0.5,1,0,0,0,0,1,0,0,0,1,0,267.7251,0,0,0,267.7251,0,5,1,1,0,0,0.83333331,2.0845001,29.355396,7.0856161,13.843261,92.787521,0,0,0,70.572739,0,91.347046,6.3896399,43.36264,6.9216304,50.935009,5.2434282,2.7567475,70.572739,41.852516,83.34687,90.580002,0.50325835,5.1699252,3.155273,8.0266657,267.7251,276.6069,29.727053,0,0,0,185.35393,52.644115,29.727053,275.19699,661,24,84
Cl/C=C(/OP(=O)(OCC)OCC)\c1c(Cl)cc(Cl)cc1,Phosphoric acid  2-chloro-1-(2 4-dichlorophenyl)ethenyl diethyl ester (9CI),DSSTox2DMolFile,5.4229999,470-90-6,43.833103,0,0,3,4,4,0,6,0,34,0,4,20,15,63.896332,1.8793038,0,0,12,3,0,14,0,0,4,1,0,2.696213,-2.4651117,-0.54275167,0.53242564,2.5023034,-2.4372618,-0.38548335,0.80282259,2.6458399,-2.2189043,-0.22885084,0.83767486,2.7660625,30.750898,7,0.34999999,6,34,1,20,6,7,0.34999999,27,0,15.173362,14.099929,7.7236147,8.552042,9.452837,8.4518347,3.6909225,4.6221218,0,0,1.0056231,10,0,-0.75450367,-0.37800246,0.0095068589,2.3311131,-1.29328,-0.24503101,0.25489813,2.4994493,-0.51723373,-0.13506207,0.27615941,2.6196713,4.8048701,6.0541406,6.0541406,4.9725151,4.9725151,-5.3253031,1.3612518,4.8037415,8.2526398,0,14,14,1,0,18.049999,8.4444447,5.3789063,20.604973,9.7080927,6.215735,10.00175,4,0,1,0,4.1789999,-4.7384601,8.5154562,0,1,7,1,1,7,1,0,0,1.0994997,-1.0994997,0.38454121,0.22926858,108.45092,27.159195,52.57547,0,0,0,18.713068,0,88.745842,15.729136,0,4.6659718,9.3319435,0,0.89946574,0.36411572,0.043021325,0.10053425,0.63588428,0.057512924,292.66055,118.47289,13.997915,32.710983,206.89865,18.713068,0.5,1,0,0,0,0,1,0,0,0,1,0,325.37155,0,0,0,325.37155,0,5,0,1,0,0,0.75,4.6581001,22.433765,0,20.764891,41.852516,3.185575,0,7.0012131,76.131195,0,200.7928,8.1548996,43.198654,0,0,10.186788,5.2434282,70.887772,41.852516,200.7928,44.759998,0.4689956,5.321928,3.0819616,8.372035,325.37155,343.5293,29.727053,0,0,0,276.93143,18.713068,29.727053,359.573,818,29,94
Clc1cc(Cl)ccc1,Benzene  1 3-dichloro-,DSSTox2DMolFile,4.3099999,541-73-1,17.587172,1,1,0,0,0,0,6,0,12,0,0,8,8,17.509775,1.4591479,0,0,6,2,0,4,0,0,0,0,0,2.3050578,-2.1175179,-0.66566169,0.6760152,2.0994003,-1.9072648,-0.3916935,0.97254086,2.3322446,-1.7858974,-0.37643164,0.9792552,2.4421685,5.2128282,0,0,6,12,0,8,1,0,0,6,0,5.9831276,5.577188,3.309401,3.9831276,3.7876937,2.9552605,1.8213673,2.6329932,0,0,0.95968264,4,0,-0.7286067,-0.40258613,0.048135515,1.8199013,-0.53341341,-0.16175514,0.41838336,2.0608335,-0.3942838,-0.12392616,0.41126287,2.1560984,0.52205598,0.89564264,0.89564264,3.2354164,3.2354164,-2.8741441,0,3.5081959,3.4971209,0,14,14,1,0,6.125,2.52,1.8,6.4624743,2.6814394,1.9294685,2.1660917,0,0,1,0,3.1270001,-2.8534601,3.665642,0,1,6,1,1,0,0,0,0,0.16443406,-0.16443406,0.35583678,0.5,63.233978,9.0394926,0,0,0,0,0,0,59.163895,0,0,0,0,0,1,0.45012996,0,0,0.54987007,0,131.43736,59.163895,0,0,72.273468,0,0.25,0.33333334,0,0,0,0,1,0,0,0,1,0,131.43736,0,0,0,131.43736,0,3,0,1,0,0,1,2.9934001,0,0,0,0,0,0,7.0012131,70.572739,0,78.297287,3.6461999,0,0,0,7.0012131,0,70.572739,0,78.297287,0,0.8112781,4,1.892153,5.6637831,131.43736,148.97841,0,0,0,0,131.43736,0,0,147.004,61,7,36
S=C=NC,Methane  isothiocyanato-,DSSTox2DMolFile,5.4169998,556-61-6,9.5203791,1,1,0,0,2,0,0,0,7,0,2,4,1,12.896597,1.842371,0,0,2,0,0,3,0,1,0,0,1,2.3190227,-2.0533643,-0.03583065,0.047932897,2.0379488,-2.0783856,0.123,0.33570874,2.0164101,-1.8245343,0.1057,0.44806075,2.2637346,5.7396212,0,0,0,6,2,3,1,0,0,4,0,3.4142137,3.1719584,1.5,1.7071068,1.9142135,1.2831929,0,0,0,0,0.89972359,3,0,-0.76099962,-0.23238118,-0.1120671,1.3140757,-0.77615607,-0.037,0.072942369,1.3858854,-0.46526235,-0.054299999,0.27306789,1.6262363,3.1991425,1.0780624,1.0780624,0.77258056,0.7725814,-1.0005214,0,1.3846906,1.9080187,1.9539953e-006,14,12.709076,1.0000277,1.1649042e-006,4,3,4,3.855104,2.8427839,3.6879356,2.7398067,1,0,1,0,1.533,-0.74461001,2.1112988,0,1,1,1,0,0,0,0,0,0.32215574,-0.32215574,0.50091445,0.7415517,0,0,0,65.283974,0,0,0,0,22.275568,0,0,5.6825762,0,0,0.93905568,0.29984459,0.060944308,0.060944308,0.70015544,0,87.55954,27.958143,5.6825762,5.6825762,65.283974,0,0.33333334,0.5,0,0,0,0,1,0,0,0,1,0,93.242119,0,0,0,93.242119,0,2,1,0,0,0,0,0.71899998,0,13.945737,0,0,0,49.682716,0,0,0,45.192028,2.0950999,0,16.78553,0,0,0,0,13.945737,78.089218,44.450001,0.95443398,2.5849626,1.4591479,3.4464393,93.242119,77.907265,37.067089,0,0,0,33.89946,22.275568,37.067089,73.119003,10,1,10
Br/C(/Br)=C\Br,Ethylene  tribromo- (VAN) (8CI),NIST2DMolFile,4.329,598-16-3,13.336793,1,1,0,0,0,0,0,0,6,0,0,5,4,8.7548876,1.4591479,0,3,2,0,0,1,0,0,0,0,0,2.7058988,-1.7971977,-0.39570162,0.3741025,1.8272058,-1.5040107,0.085691899,1.1069535,2.2112653,-1.3682567,0.13572171,1.1672233,2.3340306,4.9632068,0,0,0,5,1,4,2,0,0,4,0,4.2844572,6.9692335,1.0773503,1.2844571,2.2700555,3.3865297,0.28867513,0.40824831,0,0,1.8722526,3,0,-0.65541607,-0.29709941,-0.015722526,1.2387211,-0.45805365,0.1358061,0.76749027,1.6928188,-0.31442508,0.21136098,0.81878006,1.7944381,0.869789,0.48459417,0.48459417,3.3113647,3.3113647,-2.8501956,0,1.0319628,2.847312,0,14,14,1,0,5,2.25,4,16.344065,9.7967768,25.27331,32.023827,0,0,1,0,2.9063599,-3.2652099,3.2124341,0,1,1,1,0,0,0,0,0,0.1297251,-0.1297251,0.58241922,0.3655729,0,18.148039,0,0,0,0,0,130.87454,0,0,0,0,0,0,1,0.87821954,0,0,0.12178046,0,149.02258,130.87454,0,0,18.148039,0,0.33333334,0.5,0,0,0,0,1,0,0,0,1,0,149.02258,0,0,0,149.02258,0,2,1,0,0,0,0.40000001,2.97,0,0,0,0,0,2.924634,0,17.512714,0,137.86227,3.4863999,0,0,0,2.924634,0,17.512714,0,137.86227,0,0.90438145,3,1.5219281,4.1971598,149.02258,140.86455,0,0,0,0,146.72672,2.295876,0,264.742,18,2,16
Clc1c(Cl)cc(O)cc1Cl,Phenol  3 4 5-trichloro-,DSSTox2DMolFile,5.4629998,609-19-8,19.902378,0,0,1,1,1,0,6,0,13,1,2,10,9,23.086166,1.775859,0,0,6,3,0,3,0,0,1,0,0,2.5427721,-2.1210091,-0.67211509,0.67697895,2.1448817,-1.9071087,-0.33550924,1.007872,2.4127586,-1.7984519,-0.32925081,1.0203836,2.4783278,4.5396209,0,0,6,13,0,10,1,0,0,7,0,7.7236147,7.0035944,3.1547005,3.7236147,4.6090608,3.5791476,1.6547005,2.2996597,0,0,1.1112119,5,0,-0.76177227,-0.40436885,0.040741153,1.8798727,-0.7616055,-0.12002235,0.40403664,2.1598361,-0.42901474,-0.085293293,0.41321364,2.2160728,1.6770631,2.3092246,0.61405575,3.4545839,3.4590559,-3.2809787,0,3.8616064,4.1292963,-0.020315222,8.6832647,14,1.1043571,0.012235931,8.1000004,2.9387755,1.75,9.73248,3.6074834,2.1858258,3.5109761,1,1,1,0,3.444,-3.2258,4.2505817,0,1,6,1,1,0,0,0,0,0.4329173,-0.4329173,0.3063533,0.43864635,31.616989,13.559239,8.458519,0,0,0,0,0,88.745842,0,13.566921,0,0,0,1,0.65607178,0,0,0.34392822,0,155.94751,102.31276,0,0,53.634747,0,0.40000001,0.66666669,0,0,0,0,1,0,0,0,1,0,155.94751,0,0,0,155.94751,0,3,0,1,0,0,1,3.3524001,25.385227,0,0,0,0,0,10.50182,35.286369,0,122.68936,4.3136802,0,25.385227,0,15.745248,0,35.286369,0,117.44593,20.23,0.72192812,4.321928,2.0634208,6.3502398,155.94751,174.96573,0,0,0,0,142.38058,0,13.566921,197.448,110,13,48
O=C1N(C)CCC1,2-Pyrrolidinone  1-methyl-,DSSTox2DMolFile,4.9060001,872-50-4,16.703136,1,1,0,0,1,0,0,0,16,0,1,7,4,23.861034,1.4913146,0,0,5,0,0,9,0,1,1,0,0,2.3616965,-2.4788895,-0.21839179,0.04884132,2.6367059,-2.5479357,-0.13588646,0.123,2.6270418,-2.2226014,0.073308922,0.1057,2.8949525,12.776863,0,0,0,16,1,7,1,0,0,15,0,5.276021,4.4767823,3.6213202,3.6986706,3.3045304,2.5447257,1.3535534,1.4082483,0,0,0.7853933,3,0,-0.85951144,-0.37556788,-0.11115868,2.1561673,-0.96898931,-0.32131976,-0.037,2.1393943,-0.52422851,-0.11376407,-0.054299999,2.3872571,2.01825,3.8155389,3.8155389,0.21978243,0.21978243,-0.6066094,0,1.0137569,2.7502437,0,14,14,1,0,5.1428571,1.8518518,0.95999998,4.0753732,1.4009948,0.68908775,0.81565374,2,0,1,0,-0.208,0.11035,2.7780888,0,1,5,1,1,0,0,0,0,0.59009975,-0.59009975,0.39605111,0.53854698,15.808495,15.808495,54.198967,0,12.949531,0,0,0,0,0,0,0,13.566921,0,0.76394653,0.12077477,0.12077477,0.23605344,0.87922525,0.11527868,85.815956,13.566921,13.566921,26.516451,98.765488,12.949531,0.33333334,0.5,0,0,0,0,1,0,0,0,1,0,112.33241,0,0,0,112.33241,0,2,0,1,0,0,0,0.2386,0,8.3830976,23.862217,18.439579,0,32.897186,0,0,37.736813,0,2.6870999,23.862217,3.1243138,0,0,0,37.736813,23.698362,32.897186,20.309999,0.86312056,3.8073549,1.5451531,5.2775674,112.33241,114.66994,13.566921,0,0,0,85.815956,12.949531,13.566921,99.132996,40,5,32
S=P(Sc1ccccc1)(OCC)CC,Phosphonodithioic acid  ethyl-  O-ethyl S-phenyl ester,DSSTox2DMolFile,7.96,944-22-9,37.833897,0,0,1,2,1,0,6,0,29,0,1,14,10,47.058807,1.6227175,0,0,10,0,0,15,0,0,1,1,2,2.3817089,-2.5365195,-0.56033647,0.54763848,2.552815,-2.4205711,-0.36819461,0.72774106,2.8382921,-2.2259958,-0.31666759,0.79686189,2.9486275,24.654104,5,0.35714287,6,29,0,14,5,5,0.35714287,23,0,10.441311,11.000343,6.8009648,7.5270977,6.6996188,9.0086861,3.3248971,4.23071,1,1,0.87075531,8,0,-0.79263383,-0.38144693,0.015204076,2.3038821,-0.80323005,-0.21042393,0.15539403,2.5334535,-0.51506394,-0.14889887,0.18523279,2.6525137,3.2585595,4.6743917,4.6743917,3.1395051,3.1395097,-3.8068664,1.1578313,3.3123543,6.8617291,1.1462247e-005,14,11.940725,1.0001419,6.8334266e-006,12.071428,5.7777777,3.96,14.270795,6.9212565,4.7916045,7.055131,1,0,1,0,3.971,-4.1921802,7.0300241,0,1,6,1,1,5,0,0,0,0.78165215,-0.78165215,0.25462693,0.67078012,108.45092,54.977646,7.4212766,39.387482,0,0,0,0,0,0,0,0,4.6659718,33.008488,0.84803283,0.1519672,0.1519672,0.1519672,0.84803283,0,210.23732,37.674458,37.674458,37.674458,210.23732,0,0.5,1,0,0,0,0,1,0,0,0,1,0,247.91179,0,0,0,247.91179,0,4,1,1,0,0,1,4.1445999,0,0,49.615608,36.9655,0,1.5507339,0,88.215919,0,102.21334,6.8751998,6.9216304,0,1.5507339,0,0,88.215919,36.9655,144.90732,41.32,0.59167278,4.8073549,2.759587,7.3102608,247.91179,265.53384,4.6659718,0,0,0,181.43146,61.814358,4.6659718,246.33501,316,17,64
O=[SH0]1c2c(-c3c1cccc3)cccc2,Dibenzothiophene  5-oxide (8CI)(9CI),NIH3DMolFile,4.0009999,1013-23-6,30.156343,1,1,0,0,1,0,12,0,22,0,1,14,12,31.087946,1.4130884,0,0,12,0,0,8,0,0,1,0,1,1.8488857,-2.1483808,-0.58263606,0.65270573,2.3856575,-2.0431933,-0.47034809,0.76620734,2.5111463,-1.8425884,-0.43171683,0.82061267,2.7266819,13.123656,0,0,12,24,0,16,1,0,0,12,0,9.5436058,8.2517958,6.6188021,7.9662552,6.8770099,5.6294456,3.9047005,5.6329932,0,0,0.81069261,6,0,-0.84893584,-0.36650634,0.064710855,2.3413312,-0.69871539,-0.25863141,0.14656202,2.4805825,-0.40233096,-0.19154005,0.17574866,2.6539361,2.3141994,2.9131811,2.9131811,2.6937125,2.6937125,-3.5660853,0.48734471,6.4096088,5.7859268,0,14,14,1,0,9.2421875,3.5387523,1.3702422,7.2061443,2.7013652,1.0291133,1.3904591,1,0,1,0,2.1530001,-4.2797899,5.8684635,0,1,15,1,3,0,0,0,0,0.60832232,-0.60832232,0.29151449,1,107.98768,36.034069,0,8.3692026,0,0,0,0,0,0,0,0,0,16.008261,0.90493864,0.095061384,0.095061384,0.095061384,0.90493864,0,152.39095,16.008261,16.008261,16.008261,152.39095,0,0.33333334,0.5,0,0,0,0,1,0,0,0,1,0,168.39922,0,0,0,168.39922,0,4,0,3,0,0,0.14285715,2.8336999,0,24.085844,19.549404,0,0,3.1014678,0,147.51663,0,0,5.6552401,24.085844,0,3.1014678,0,6.37115,141.14548,0,19.549404,36.279999,0.64206427,5,2.3885098,7.3449554,168.39922,237.07753,16.008261,0,0,0,139.25424,13.136708,16.008261,200.261,262,23,78
P(=O)(OC(C)C)(OC(C)C)C,Phosphonic acid  methyl-  bis(1-methylethyl) ester,DSSTox2DMolFile,2.829,1445-75-6,29.691481,1,0,0,1,3,0,0,0,28,0,3,11,7,40.712696,1.4540249,0,0,7,0,0,17,0,0,3,1,0,3.7938097,-2.601841,-0.13567066,0.08222428,2.5935521,-2.5536697,0.026534945,0.123,2.7238767,-2.33571,0.1057,0.1057,2.874136,30.854519,4,0.40000001,0,27,0,10,6,4,0.40000001,27,0,9.0689144,8.7210865,6.1547008,6.1547008,4.8330045,5.765614,2.309401,2.309401,0,0,0.8489635,6,0,-0.78819233,-0.31397516,-0.077775724,2.3209922,-1.2933977,-0.20551838,-0.037,2.4276969,-0.52623355,-0.10416008,-0.054299999,2.560631,3.8285344,6.2175508,6.2175508,0.92000216,0.92000216,-1.3714075,1.2721359,0,4.7908888,0,14,14,1,0,11,4.1326532,6.4000001,12.834567,4.9003344,7.6974111,5.7176065,3,0,1,0,1.059,-0.92022002,4.7670145,0,1,0,1,0,4,0,0,0,0.85099858,-0.85099858,0.37169507,0.37263483,117.6338,16.917038,0,0,0,30.928963,13.666999,0,0,0,0,15.729136,0,9.3319435,0.6588915,0.12272338,0.12272338,0.3411085,0.8772766,0.21838512,134.55084,25.061081,25.061081,69.657043,179.1468,44.595963,0.5,1,0,0,0,0,1,0,0,0,1,0,204.20789,0,0,0,204.20789,0,3,1,0,0,0,0.72727275,1.5891,22.433765,0,26.78056,0,0,30.496851,0,0,0,148.10353,4.5286002,36.277027,0,0,12.937299,0,0,0,178.60039,35.529999,0.64681429,4.321928,2.4386826,6.6012926,204.20789,192.05537,25.061081,0,0,0,165.4798,13.666999,25.061081,180.18399,164,10,48
O=C(O)[C@@]1(C)C2[C@@](C)(c3c(cc(C(C)C)cc3)CC2)CCC1,(1R-(1alpha 4Abeta 10aalpha))-1 2 3 4 4a 9 10 10a-octahydro-7-isopropyl-1 4a-dimethylphenanthren-1-carboxylic acid,DSSTox2DMolFile,4.5599999,1740-19-8,55.474205,0,0,2,2,2,0,6,0,50,2,4,22,19,59.148312,1.1829662,0,0,20,0,0,28,0,0,2,0,0,1.8457791,-2.8869457,-0.34530881,0.34836438,2.8711131,-2.8303406,-0.26522124,0.41900221,2.9373269,-2.6373377,-0.17543764,0.51327038,3.1215572,31.567797,2,0.083333336,6,52,1,24,2,2,0.083333336,45,0,16.120956,14.277747,13.422285,14.120955,10.287365,8.6553993,8.2276678,9.1326647,3,1,0.73827481,10,0,-0.78942358,-0.33710116,-0.051314186,3.0964861,-0.88433498,-0.25053275,0.038866591,3.1875458,-0.52582645,-0.15649715,0.081098586,3.3391008,2.2864785,6.7548246,3.9472437,5.4819117,5.6642361,-5.8072643,0,4.0194583,8.9686203,-0.9903298,4.989655,14,1.0559919,2.7654335,16.84375,5.8171744,2.6063101,14.411788,4.9381514,2.1998484,3.2348905,2,1,1,0,4.974,-6.0515099,8.9306688,0,1,16,1,3,2,1,0,0,0.50542188,-0.50542188,0.5945453,0.5176366,201.09335,0,0,0,0,0,14.708499,54.051102,0,13.566921,0,0,13.566921,0,0.90479231,0.27336213,0.045681898,0.095207669,0.72663784,0.049525768,268.71136,81.184944,13.566921,28.275419,215.80185,14.708499,0.5,1,0,0,0,0,1,0,0,0,1,0,296.98679,0,0,0,296.98679,0,5,0,3,0,0,0.40909091,4.90487,0,7.7454643,23.862217,25.385227,13.967521,18.868406,4.4107962,52.929554,75.473625,133.30406,8.9287796,23.862217,0,29.796022,13.967521,0,147.27158,7.7454643,133.30406,37.299999,0.46637034,5.5849624,3.0457075,8.6401606,296.98679,368.72177,0,0,0,0,255.14445,14.708499,27.133842,300.44199,943,45,124
Clc1nc(NC(C)C)nc(NCC)n1,1 3 5-Triazine-2 4-diamine  6-chloro-N-ethyl-N'-(1-methylethyl)-,DSSTox2DMolFile,4.3610001,1912-24-9,31.095102,1,0,0,1,3,0,6,0,28,2,5,14,6,45.693329,1.6319046,0,0,8,1,0,14,0,5,0,0,0,2.3877809,-2.5558128,-0.47753814,0.49533015,2.4969776,-2.5873909,-0.49571955,0.54114443,2.5179267,-2.290328,-0.28576091,0.64260083,2.7637918,21.004898,4,0.2857143,6,28,0,14,2,4,0.2857143,22,0,10.552042,9.2599916,5.7844572,6.0165076,6.6133924,4.9126234,1.8618073,1.8618073,0,0,0.87970531,8,0,-0.80597574,-0.37315589,0.0577241,2.2387769,-0.98522443,-0.36646158,0.13634099,2.2830887,-0.51534885,-0.19533531,0.18563391,2.5020885,8.0900822,6.2992883,2.7379508,0.63057578,0.63057578,-2.085413,0,3.8592329,5.7080555,0,14,14,1,0,12.071428,5.7777777,4.3878117,10.062126,4.7429299,3.5598817,3.4088545,5,2,1,0,0.60500002,-3.56426,5.572866,0,1,6,1,1,4,0,0,0,0.91539979,-0.91539979,0.24929495,0.20298113,88.225349,26.999058,0,0,44.864918,0,0,29.581947,0,0,28.41288,0,0,0,0.79427701,0.26592866,0,0.20572296,0.73407131,0.20572296,173.21924,57.994827,0,44.864918,160.08932,44.864918,0.5,1,0,0,0,0,1,0,0,0,1,0,218.08415,0,0,0,218.08415,0,4,1,1,0,0,0.78571427,1.7771,0,86.37809,3.9819686,18.439579,0,0,2.6429517,0,0,142.92488,5.7759399,0,50.35659,0,6.6249204,39.819687,0,18.439579,139.12669,62.73,0.59167278,4.8073549,2.778615,7.3066096,218.08415,229.14037,17.047728,0,0,11.365152,144.80635,44.864918,28.41288,215.688,319,16,64
Clc1c(C(=O)N)c(Cl)ccc1,Benzamide  2 6-dichloro-,DSSTox2DMolFile,2.346,2008-58-4,21.915964,1,1,0,0,1,0,6,0,16,1,2,11,8,30.738874,1.9211797,0,0,7,2,0,5,0,1,1,0,0,2.602212,-2.1720691,-0.67973346,0.67010337,2.2060702,-2.4541578,-0.36606985,0.83122724,2.3368444,-1.8456451,-0.32925081,1.0155764,2.5300512,6.6040349,1,0.090909094,6,16,1,11,1,1,0.090909094,9,0,8.4307213,6.9854364,3.7320509,4.4307213,5.1258979,3.6207097,1.9940169,2.8164966,0,0,1.0029771,5,0,-0.81655449,-0.41337845,0.052207381,1.9914819,-1.3702987,-0.21835609,0.34347004,2.1407108,-0.42866898,-0.17555852,0.40666747,2.3123612,2.4605107,5.3711491,0.89761233,2.5513716,2.5513716,-2.8151205,0,4.7456717,4.4598603,0,14,14,1,0,9.090909,3.5999999,1.9753087,8.2253923,3.2217119,1.750528,2.4090769,2,2,1,0,2.029,-3.1055801,4.5437288,0,1,6,1,1,1,0,0,0,0.53009951,-0.53009951,0.56289458,0.4972232,47.425484,11.248033,0,0,0,12.949531,0,0,59.163895,17.742489,0,0,13.566921,0,0.83641547,0.55814523,0.083696648,0.1635845,0.44185477,0.07988786,135.5799,90.473305,13.566921,26.516451,71.623047,12.949531,0.40000001,0.66666669,0,0,0,0,1,0,0,0,1,0,162.09634,0,0,0,162.09634,0,3,0,1,0,0,0.81818181,2.0922999,32.897186,5.2587838,0,0,27.047791,0,7.0012131,52.929554,0,78.297287,4.4979901,23.862217,0,0,10.186788,32.897186,52.929554,5.2587838,78.297287,43.09,0.68403846,4.4594316,2.139905,6.6383791,162.09634,184.43988,13.566921,0,0,17.742489,117.83741,12.949531,31.30941,190.02899,144,15,52
Clc1c(-c2ccccc2)cccc1,1 1'-Biphenyl  2-chloro- (9CI),DougDB3DMolFile,5.4239998,2051-60-7,29.301138,0,0,1,1,0,0,12,0,22,0,0,13,13,26.55862,1.2072101,0,0,12,1,0,9,0,0,0,0,0,1.9125617,-2.2370512,-0.64846659,0.68512172,2.1923091,-2.0187886,-0.47398224,0.80591482,2.4230311,-1.8875561,-0.43949509,0.85431087,2.5504582,10.258863,1,0.071428575,12,23,0,14,1,1,0.071428575,11,0,9.0960121,7.8300457,6.6961522,8.0960121,6.3770099,4.5549808,3.9880338,5.7996597,0,0,0.76995105,7,0,-0.75332266,-0.38881144,0.065270275,2.1839414,-0.54797333,-0.23677686,0.16445385,2.4003768,-0.40437108,-0.19031972,0.19305076,2.5185909,0.24427429,2.0757675,2.0757675,4.2823482,4.2823482,-3.9962068,0,6.5535049,5.5483823,0,14,14,1,0,9.5510206,4.4814816,2.2684309,7.2055211,3.2932632,1.6299895,1.8253598,0,0,1,0,4.4559999,-4.5455499,5.7030196,0,1,12,1,2,1,0,0,0,0.082244791,-0.082244791,0.70090318,1,146.69353,4.5197463,0,0,0,0,0,0,29.581947,0,0,0,0,0,1,0.16362129,0,0,0.83637869,0,180.79523,29.581947,0,0,151.21327,0,0.42857143,0.75,0,0,0,0,1,0,0,0,1,0,180.79523,0,0,0,180.79523,0,4,0,2,0,0,0,4.007,0,0,0,0,0,0,3.5006065,165.15981,0,39.148643,5.6887999,0,0,0,3.5006065,6.37115,158.78867,0,39.148643,0,0.64772749,4.8073549,2.5574133,7.0980163,180.79523,233.2421,0,0,0,0,180.79523,0,0,188.657,240,17,64
S=C(N(C)C)NC,Urea  1 1 3-trimethyl-2-thio-,DSSTox2DMolFile,2.1860001,2489-77-2,18.80793,1,1,0,0,1,0,0,0,17,1,2,7,3,26.267588,1.5451522,0,0,4,0,0,10,0,2,0,0,1,3.2048719,-2.5092905,0.011678531,0.039436758,2.3517673,-2.6650379,0.123,0.18646367,2.248487,-2.1835234,0.1057,0.3365382,2.6804118,14.71207,1,0.16666667,0,16,1,6,2,2,0.33333334,15,0,5.8618073,5.6719584,3.5,3.5773504,3.1807392,2.4804065,0,0,0,0,0.83227205,4,0,-0.85532486,-0.20391746,-0.12056324,1.9213822,-1.1617523,-0.13990612,-0.037,1.8732569,-0.50135171,-0.054299999,0.062398642,2.2304716,3.9934652,4.0868487,2.7938471,0.27758744,0.27758744,-0.83407861,0,1.2359525,3.2985802,0,14,14,1,0,7,3.0612245,2.6666667,6.6075521,2.857728,2.4588852,2.6975121,2,1,1,0,-0.023,-0.95191997,3.3416629,0,1,0,1,0,0,0,0,0,0.44309142,-0.44309142,0.27337688,0.56397235,13.166624,67.79892,65.283974,0,0,0,0,0,0,0,5.6825762,0,0,0,1,0.037402079,0,0,0.96259791,0,151.9321,5.6825762,0,0,146.24951,0,0.5,1,0,0,0,0,1,0,0,0,1,0,151.9321,0,0,0,151.9321,0,2,0,0,0,0,0.85714287,0.052299999,18.01075,3.4088354,0,0,0,98.691559,0,0,0,45.192028,3.53457,0,3.1243138,18.01075,0,0,0,0.28452146,143.88359,47.360001,0.80309099,3.5849626,1.8841729,5.2511854,151.9321,129.91425,31.384512,0,0,5.6825762,101.69838,13.166624,37.067089,118.204,46,6,26
S(SC(=S)N(CCC)CCC)C(=S)N(CCC)CCC,Thioperoxydicarbonic diamide (((H2N)C(S))2S2)  tetrapropyl-,Smiles,6.1859999,2556-42-5,57.110203,0,0,2,4,2,0,0,0,48,0,2,20,14,70.169296,1.4618603,0,0,14,0,0,28,0,2,0,0,4,4.2022667,-2.6591349,0.0028948383,0.04301253,2.5644977,-2.6763368,0.123,0.21818808,2.6124136,-2.3751702,0.1057,0.44387603,2.8698118,39.129795,11,0.57894737,0,47,2,19,6,13,0.68421054,45,0,15.380469,16.45026,10.656855,10.811555,9.5992842,10.490042,4.8284273,4.8284273,0,0,0.84760606,11,0,-0.84500754,-0.24059899,-0.11698747,2.5051064,-0.95797533,-0.099334277,0.048460387,2.5935097,-0.52522135,-0.054299999,0.19425759,2.819808,6.6662035,4.1127892,4.1127892,4.0426817,4.0426817,-5.1481733,0,2.5648413,9.8047085,0,14,14,1,0,20,12.719008,8.8128004,23.61388,15.150167,10.564898,17.887711,2,0,1,1,5.7719998,-6.9910202,10.058827,0,1,0,0,0,11,2,0,0,0.6195128,-0.6195128,0.18679915,0.41486096,202.17113,81.198021,62.769024,0,0,0,0,0,43.473358,0,0,0,0,0,1,0.1115813,0,0,0.88841873,0,389.61154,43.473358,0,0,346.13818,0,0.45454547,0.83333331,0,0,0,0,1,0,0,0,1,0,389.61154,0,0,0,389.61154,0,6,1,0,0,0,0.89999998,5.1816001,0,6.2486277,0,73.758316,0,0,0,0,75.473625,284.05161,10.4692,0,6.2486277,0,0,0,75.473625,73.758316,284.05161,70.660004,0.45294255,5.2479277,3.3317332,8.3451624,389.61154,382.76273,62.769024,0,0,0,305.53915,21.303349,62.769024,352.65601,942,25,82
S=C(N(C)C)N(C)C,Urea  1 1 3 3-tetramethyl-2-thio-,DSSTox2DMolFile,2.2349999,2782-91-4,21.901516,1,1,0,0,1,0,0,0,20,0,1,8,4,29.809372,1.4904686,0,0,5,0,0,12,0,2,0,0,1,3.5117028,-2.557874,0.039380457,0.039436832,2.3988037,-2.6621416,0.123,0.123,2.3093247,-2.2313116,0.1057,0.13700399,2.7272894,18.218485,2,0.2857143,0,19,1,7,2,2,0.2857143,18,0,6.7320509,6.6191721,4.5,4.5773501,3.5534179,2.8484404,0,0,0,0,0.79564339,4,0,-0.85751486,-0.17751862,-0.12056317,2.0496991,-0.97997928,-0.083367877,-0.037,2.0180979,-0.50723684,-0.054299999,-0.054299999,2.3511322,4.0745211,3.6231828,3.6231828,0.6486665,0.6486665,-1.1566676,0,1.2359921,3.7529712,0,14,14,1,0,8,3.1111112,2.8125,7.612144,2.9366896,2.6362979,2.7943132,2,0,1,0,0.245,-1.08287,3.7884104,0,1,0,1,0,0,0,0,0,0.50187689,-0.50187689,0.23903617,0.5,13.166624,135.59784,31.384512,0,0,0,0,0,0,0,0,0,0,0,1,0,0,0,1,0,180.14899,0,0,0,180.14899,0,0.5,1,0,0,0,0,1,0,0,0,1,0,180.14899,0,0,0,180.14899,0,2,0,0,0,0,0.875,0.39449999,0,6.5331492,0,0,0,131.58875,0,0,0,45.192028,3.9972999,0,6.2486277,0,0,0,0,0.28452146,176.78078,38.57,0.75787848,3.8073549,1.9437546,5.6679201,180.14899,150.99101,31.384512,0,0,0,135.59784,13.166624,31.384512,132.231,65,8,32
S=P(OP(=S)(OCC)OCC)(OCC)OCC,Thiodiphosphoric acid (((HO)2P(S))2O)  tetraethyl ester (9CI),DSSTox2DMolFile,9.1470003,3689-24-5,44.485859,0,0,3,4,4,0,0,0,37,0,4,17,8,66.701569,1.8027452,0,0,8,0,0,20,0,0,5,2,2,4.649375,-2.4891393,-0.1184864,0.061255094,2.5814123,-2.429198,-0.0050206566,0.123,2.8029294,-2.2386243,0.1057,0.10794002,2.8871663,44.124142,10,0.625,0,36,0,16,8,10,0.625,36,0,13.363961,14.002439,6.8284273,6.8284273,7.9497476,10.555799,2.8284271,2.8284271,0,0,1.0003579,8,0,-0.72583956,-0.32471198,-0.098744906,2.3825128,-0.80775052,-0.24503101,-0.037,2.535965,-0.51723373,-0.12070206,-0.054299999,2.6593387,7.6419091,8.4140224,8.4140224,2.088491,2.088491,-3.2780154,2.5797698,0,7.8079848,0,14,14,1,0,17,8.1632652,6.4793386,24.395975,11.97711,9.6731434,17.18784,5,0,1,0,2.9200001,-3.8141,7.9507761,0,1,0,1,0,10,0,0,0,1.7298567,-1.7298567,0.21521962,0.26102045,117.6338,0,0,0,88.233894,0,31.180416,6.8281875,0,0,18.663887,0,0,66.016975,0.43561941,0.2785179,0.20092995,0.56438059,0.7214821,0.36345065,143.12587,91.509048,66.016975,185.43129,237.04811,119.41431,0.5,1,0,0,0,0,1,0,0,0,1,0,328.55716,0,0,0,328.55716,0,4,0,0,0,0,0.88235295,3.598,0,0,115.91785,83.705032,0,0,0,0,0,159.15833,7.6159,30.529894,0,0,0,0,0,83.705032,244.54628,110.33,0.50210387,5,2.8505118,7.9095678,328.55716,302.0549,18.663887,0,0,0,205.86769,104.02557,18.663887,322.323,528,22,74
S(=O)(=O)(c1ccc(N=Nc2c(C)cc(O)c(C(C)C)c2)cc1)c1ccc(N=Nc2c(C)cc(O)c(C(C)C)c2)cc1,Di(4-(4-hydroxy-2-methyl-5-isopropylphenylazo)phenyl)sulfone,IndexNet2DMolFile,5.4400001,5964-62-5,89.498962,0,0,3,5,8,0,24,0,75,2,10,41,32,118.18767,1.5758356,0,0,32,0,0,34,0,4,4,0,1,1.1647743,-2.5344453,-0.55346972,0.60677058,2.493413,-2.3729799,-0.40630442,0.73928475,2.6620288,-2.27724,-0.3651627,0.79061621,2.7607636,46.285038,8,0.18181819,24,78,2,44,2,8,0.18181819,52,0,29.896612,24.807426,20.082903,22.568186,19.361118,14.805272,10.838887,13.996075,0,0,0.8004992,22,0,-0.86051238,-0.41171852,0.032161616,2.6657858,-0.7662065,-0.26386139,0.14172202,2.8333805,-0.51845062,-0.18481569,0.18597309,2.9481046,12.828458,13.852096,10.03667,7.0407414,7.0305052,-8.8360462,1.3513554,14.817261,16.342081,-0.071337216,8.1257534,11.234157,1.3174734,0.044915937,33.884296,14.853516,8.5901251,26.228178,11.41938,6.5719962,7.3051109,8,2,0,2,9.1759996,-9.1138897,16.285301,1,1,26,0,4,8,2,0,0,1.9819279,-1.9819279,0.13989224,0.23527446,311.75281,13.399102,93.550117,0,0,8.3692026,0,4.4170794,6.5127993,37.684158,27.133842,0,0,32.016521,0.92448944,0.20149069,0.05986236,0.075510539,0.7985093,0.015648177,494.44992,107.7644,32.016521,40.385727,427.07123,8.3692026,0.5,1,0,0,0,0,1,0,0,0,1,0,534.83563,0,0,0,534.83563,0,11,1,4,0,0,0.14634146,9.6250401,50.770454,48.171688,6.8792672,0,12.7423,69.753494,8.8215923,211.71822,0,221.46994,16.05534,48.171688,117.42249,3.1014678,32.050747,11.02699,211.71822,0,206.83536,124.04,0.29629606,6.4594316,4.3053985,10.370781,534.83563,670.13434,69.700684,0,0,0,431.48831,6.5127993,96.834526,570.71399,7260,70,216
C(=C)(C)[C@H]1CC=C(C)CC1,Cyclohexene  1-methyl-4-(1-methylethenyl)-  (theta)-,DSSTox2DMolFile,5.2709999,5989-27-5,28.268688,0,0,1,1,0,0,0,0,26,0,0,10,10,24.992151,0.9612366,0,0,10,0,0,16,0,0,0,0,0,2.2807817,-2.696497,-0.0091275238,0.046064518,2.6389494,-2.5538938,0.123,0.13631085,2.7838542,-2.4267833,0.1057,0.20767193,2.9123664,17.491312,1,0.1,0,26,2,10,2,1,0.1,24,0,7.5604777,6.9831276,6.9831276,7.5604777,4.6983771,4.009202,4.009202,4.6983771,1,0,0.6482805,6,0,-0.78806567,-0.22731471,-0.11393548,2.4512727,-0.66973978,-0.086928293,-0.037,2.5982575,-0.51883453,-0.054299999,-0.0094848843,2.7036085,0,1.4762142,1.4762142,3.8141346,3.8141346,-4.2226634,0,1.3862942,4.3903341,0,14,14,1,0,8.1000004,3.4082839,2.2857144,6.8171058,2.807452,1.8497888,1.9138697,0,0,1,0,3.6040001,-3.0050199,4.4996467,0,1,6,1,1,2,0,0,0,0.13545337,-0.13545337,0.21705234,0.35549173,108.45092,0,0,0,0,0,0,49.634022,0,0,0,0,0,0,1,0.3139706,0,0,0.68602943,0,158.08495,49.634022,0,0,108.45092,0,0.5,1,0,0,0,0,1,0,0,0,1,0,158.08495,0,0,0,158.08495,0,3,0,1,0,0,0,3.3089001,0,0,0,0,4.4107962,6.37115,0,17.643185,56.605217,98.752823,4.5911999,0,0,4.4107962,6.37115,0,74.248398,0,98.752823,0,0.72192812,4.321928,2.3442218,6.3056221,158.08495,185.27473,0,0,0,0,158.08495,0,0,136.23799,120,11,46
S(C#N)CSC#N,Thiocyanic acid  methylene ester,DSSTox2DMolFile,6.2509999,6317-18-6,14.613586,1,0,0,1,2,0,0,0,9,0,2,7,3,17.774437,1.9749376,0,0,3,0,0,2,0,2,0,0,2,2.4903231,-2.1116121,-0.37326005,0.33179054,2.1845071,-2.047924,-0.18047103,0.41982856,2.3322086,-1.7737243,-0.10934574,0.59990346,2.5811923,8.0664139,2,0.33333334,0,8,0,6,4,4,0.66666669,6,2,5.5355339,5.0510235,1.7071068,2.1213202,3.4142137,3.4040093,0,0,0,0,1.0010111,6,0,-0.66453248,-0.385346,0.043308593,1.4904505,-0.72449869,-0.18389378,0.19927704,1.6958493,-0.40632254,-0.10436637,0.3839761,1.9039236,4.8566732,2.0036631,2.0036631,0.9779042,0.9779042,-1.9345026,0,2.6300316,3.1731112,0,14,14,1,0,7,6,6,7.1341791,6.1370263,6.1614037,6.2546635,2,0,1,0,0.88200003,-2.1464601,3.2976093,0,1,0,1,0,4,0,0,0,0.41366071,-0.41366071,0.35010999,0.44414178,0,0,64.311752,0,0,0,0,39.521236,0,0,35.484978,0,0,0,1,0.53838146,0,0,0.46161851,0,139.31796,75.006218,0,0,64.311752,0,0.5,1,0,0,0,0,1,0,0,0,1,0,139.31796,0,0,0,139.31796,0,3,0,0,0,0,1,1.372468,0,0,0,107.65125,0,0,0,0,0,64.439079,3.1277001,0,62.118713,0,29.933811,0,0,15.598723,64.439079,47.580002,0.80309099,3.5849626,2.398303,5.1689868,139.31796,128.04953,35.484978,0,0,0,59.281853,44.551136,35.484978,130.19501,56,4,22
S(C)c1nc(NC(C)(C)C)nc(NC2CC2)n1,N'-tert-Butyl-N-cyclopropyl-6-(methylthio)-1 3 5-triazine-2 4-diamine,DSSTox2DMolFile,4.4850001,28159-98-0,40.429066,1,0,0,1,3,0,6,0,36,2,5,17,9,55.74329,1.5484247,0,0,11,0,0,19,0,5,0,0,1,1.8749315,-2.6463773,-0.22715995,0.20576182,2.7522743,-2.6618862,-0.11761324,0.2794832,2.7973111,-2.3812668,-0.026917325,0.49311757,3.0121343,28.330933,4,0.22222222,6,37,0,18,2,5,0.27777779,31,0,12.466255,11.557949,7.9915638,8.2236147,7.9596395,7.0339298,2.8164966,2.8164966,0,0,0.83589661,8,0,-0.80661994,-0.34536168,-0.063523889,2.437583,-0.98381847,-0.25894299,0.06971883,2.4923186,-0.51825523,-0.10348909,0.17340609,2.7012663,8.7803955,7.357348,4.0201445,0.17029385,0.17029385,-2.3383331,0,3.8851352,7.1514583,0,14,14,1,0,13.432098,5.3254437,4,11.686503,4.5903616,3.4223585,3.1556044,5,2,1,0,1.324,-4.4037499,6.9369731,0,1,9,1,2,5,0,0,0,0.96115959,-0.96115959,0.23345375,0.19810954,119.84234,38.084061,0,13.166624,31.363148,0,0,0,19.760618,0,28.41288,0,0,0,0.87486261,0.19220987,0,0.12513742,0.8077901,0.12513742,219.26653,48.1735,0,31.363148,202.45618,31.363148,0.375,0.60000002,0,0,0,0,1,0,0,0,1,0,250.62967,0,0,0,250.62967,0,5,0,2,0,0,0.82352942,2.3782001,0,86.37809,3.9819686,0,0,32.384254,0,0,37.736813,135.99577,7.16294,0,50.35659,0.69307917,3.9819686,39.819687,37.736813,0,163.88876,62.73,0.54234898,5.1699252,2.9099264,7.8865628,250.62967,280.20453,17.047728,0,0,11.365152,177.68701,44.529774,28.41288,253.37399,533,20,88
IC#CCOC(=O)NCCCC,Carbamic acid  butyl-  3-iodo-2-propynyl ester,DSSTox2DMolFile,6.8470001,55406-53-6,30.135515,1,0,0,1,1,0,0,0,24,1,2,12,8,41.01955,1.7091479,0,0,8,0,0,12,1,1,2,0,0,3.0586755,-2.5975988,-0.35113329,0.25370604,2.5404572,-2.6494579,-0.11481021,0.39545208,2.6346335,-2.3457236,-0.090911478,0.57351983,2.7908962,20.242483,5,0.45454547,0,23,1,11,4,7,0.63636363,21,1,9.2342043,9.1803865,5.3284273,5.8199911,5.8080606,4.8788686,2.3106601,2.7071068,0,0,1.2123797,10,0,-0.82095957,-0.3976787,-0.013985449,2.1541476,-1.1607296,-0.16950811,0.11585158,2.1914363,-0.52773112,-0.11046593,0.22621505,2.3877821,2.8860004,5.8096309,3.4708538,2.3653805,2.3653805,-2.7642815,0,2.5127358,5.4414167,0,14,14,1,0,12,9.090909,9,12.47978,9.4901934,9.4231615,9.869627,3,1,1,0,3.323,-3.6766,5.8143301,0,1,1,1,0,5,0,0,0,0.79169077,-0.79169077,0.48560691,0.33950505,108.01545,0,20.299505,0,22.058474,0,19.199511,32.448544,0,0,0,19.249496,2.503756,0,0.71841669,0.24221589,0.097210497,0.28158334,0.75778413,0.18437284,160.7635,54.201797,21.753254,63.011238,169.57294,41.257984,0.5,1,0,0,0,0,1,0,0,0,1,0,223.77473,0,0,0,223.77473,0,5,0,0,0,0,0.83333331,1.908608,18.01075,7.3166366,10.999887,71.901054,0,0,0,0,37.736813,113.97024,5.6054702,34.862103,0,18.01075,32.535217,0,37.736813,46.682472,90.108025,38.330002,0.61674827,4.4594316,3.0707202,6.7908244,223.77473,221.87521,13.566921,0,0,5.6825762,182.82198,21.703266,19.249496,281.09299,261,10,44
Clc1c(C2(Cn3ncnc3)OC(CCC)CO2)ccc(Cl)c1,1H-1 2 4-Triazole  1-((2-(2 4-dichlorophenyl)-4-propyl-1 3-dioxolan-2-yl)methyl)-,DSSTox2DMolFile,4.7199998,60207-90-1,46.999481,0,0,3,4,4,0,11,0,39,0,4,22,14,69.285568,1.7765532,0,0,15,2,0,17,0,3,2,0,0,1.7377766,-2.5975258,-0.55881649,0.59093523,2.7136772,-2.5822875,-0.42540139,0.83097059,2.7466979,-2.3695543,-0.29050875,0.88316458,2.9311833,26.556519,5,0.20833333,11,41,0,24,3,5,0.20833333,30,0,15.57914,13.718453,9.2925291,10.173362,10.626959,7.9807329,4.3651905,5.1321583,2,2,0.90301472,10,0,-0.8176173,-0.38522178,0.029771892,2.667273,-0.89598936,-0.28400058,0.18965992,2.7523885,-0.52912879,-0.1667469,0.24858178,2.9057686,7.2185106,5.8968291,5.8968291,3.4322667,3.4324009,-4.5461073,0,5.9076023,8.5854273,0.00032492605,14,10.488074,1.0029479,0.00019374093,16.84375,7.2664361,3.7530863,15.376075,6.6030936,3.39922,4.6149845,5,0,1,0,3.582,-4.64815,8.7469254,0,1,16,1,3,6,0,0,0,1.3910345,-1.3910345,0.16631006,0.23673253,110.65946,9.0394926,8.458519,67.148499,25.899061,0,0,0,59.163895,9.4210396,0,5.6825762,0,5.0075121,0.87823105,0.26382789,0.035576697,0.12176898,0.73617208,0.08619228,263.8909,79.275024,10.690088,36.589149,221.20503,25.899061,0.5,1,0,0,0,0,1,0,0,0,1,0,300.48004,0,0,0,300.48004,0,5,1,3,0,0,0.59090906,4.2312999,0,35.225109,28.468426,20.926258,3.185575,0,7.0012131,86.50061,37.736813,130.06288,8.4216995,21.999775,35.225109,0,16.655437,0,142.677,20.926258,111.62331,49.169998,0.46637034,5.5849624,3.0706184,8.6568794,300.48004,360.00522,20.111128,0,0,0,229.67935,50.689579,20.111128,342.22598,1000,32,116
